Site,Date,Parameter,DL,RDC,ResultRaw,ResultCalc,ResultCalcLog
TL,2012-09-18,turbidity,NA,DET,8.12,8.12,2.094330154
TL,2012-09-18,ph,NA,DET,8.33,8.33,2.119863456
TL,2012-09-18,ammonia,NA,DET,0.028,0.028,-3.575550769
TL,2012-09-18,organic_carbon_dissolved,NA,DET,21.4,21.4,3.063390922
TL,2012-09-18,organic_carbon_total,NA,DET,18,18,2.890371758
TL,2012-09-18,alkalinity_total,NA,DET,144,144,4.9698133
TL,2012-09-18,specific_conductance,NA,DET,331,331,5.802118375
TL,2012-09-18,total_dissolved_solids,NA,DET,228,228,5.429345629
TL,2012-09-18,total_suspended_solids,NA,DET,6,6,1.791759469
TL,2012-09-18,calcium,NA,DET,51.2,51.2,3.935739532
TL,2012-09-18,chloride,NA,DET,3.8,3.8,1.335001067
TL,2012-09-18,fluoride,NA,DET,0.1,0.1,-2.302585093
TL,2012-09-18,magnesium,NA,DET,11.1,11.1,2.406945108
TL,2012-09-18,nitrate,0.01,BDL,0.01,0.005,-5.298317367
TL,2012-09-18,nitrite,0.01,BDL,0.01,0.005,-5.298317367
TL,2012-09-18,potassium,NA,DET,0.7,0.7,-0.356674944
TL,2012-09-18,sodium,NA,DET,10,10,2.302585093
TL,2012-09-18,sulfate,NA,DET,29,29,3.36729583
TL,2013-06-06,turbidity,NA,DET,5.18,5.18,1.644805056
TL,2013-06-06,total_hardness,NA,DET,111,111,4.709530201
TL,2013-06-06,ph,NA,DET,7.74,7.74,2.046401688
TL,2013-06-06,nitrogen_dissolved,NA,DET,0.6,0.6,-0.510825624
TL,2013-06-06,nitrogen_total,NA,DET,0.65,0.65,-0.430782916
TL,2013-06-06,organic_carbon_dissolved,NA,DET,19.6,19.6,2.975529566
TL,2013-06-06,organic_carbon_total,NA,DET,20.5,20.5,3.020424886
TL,2013-06-06,phosphorus_dissolved,NA,DET,0.009,0.009,-4.710530702
TL,2013-06-06,phosphorus_total,NA,DET,0.019,0.019,-3.9633163
TL,2013-06-06,alkalinity_total,NA,DET,85.2,85.2,4.445001434
TL,2013-06-06,specific_conductance,NA,DET,203,203,5.313205979
TL,2013-06-06,total_dissolved_solids,NA,DET,140,140,4.941642423
TL,2013-06-06,total_suspended_solids,NA,DET,6,6,1.791759469
TL,2013-06-06,calcium,NA,DET,34.7,34.7,3.546739687
TL,2013-06-06,chloride,0.7,BDL,0.7,0.35,-1.049822124
TL,2013-06-06,fluoride,0.1,BDL,0.1,0.05,-2.995732274
TL,2013-06-06,magnesium,NA,DET,6,6,1.791759469
TL,2013-06-06,nitrate,NA,DET,0.1,0.1,-2.302585093
TL,2013-06-06,nitrite,0.01,BDL,0.01,0.005,-5.298317367
TL,2013-06-06,potassium,NA,DET,0.8,0.8,-0.223143551
TL,2013-06-06,sodium,NA,DET,2.8,2.8,1.029619417
TL,2013-06-06,sulfate,NA,DET,15,15,2.708050201
TL,2013-06-06,aluminum_dissolved,NA,DET,5.9,5.9,1.774952351
TL,2013-06-06,antimony_dissolved,0.1,BDL,0.1,0.05,-2.995732274
TL,2013-06-06,arsenic_dissolved,NA,DET,0.4,0.4,-0.916290732
TL,2013-06-06,barium_dissolved,NA,DET,29,29,3.36729583
TL,2013-06-06,cadmium_dissolved,0.05,BDL,0.05,0.025,-3.688879454
TL,2013-06-06,cesium_dissolved,0.1,BDL,0.1,0.05,-2.995732274
TL,2013-06-06,chromium_dissolved,0.1,BDL,0.1,0.05,-2.995732274
TL,2013-06-06,cobalt_dissolved,0.1,BDL,0.1,0.05,-2.995732274
TL,2013-06-06,copper_dissolved,NA,DET,0.3,0.3,-1.203972804
TL,2013-06-06,iron_dissolved,NA,DET,143,143,4.96284463
TL,2013-06-06,lead_dissolved,NA,DET,0.3,0.3,-1.203972804
TL,2013-06-06,lithium_dissolved,NA,DET,2.6,2.6,0.955511445
TL,2013-06-06,manganese_dissolved,NA,DET,5,5,1.609437912
TL,2013-06-06,mercury_dissolved,0.01,BDL,0.01,0.005,-5.298317367
TL,2013-06-06,molybdenum_dissolved,NA,DET,0.4,0.4,-0.916290732
TL,2013-06-06,nickel_dissolved,NA,DET,0.5,0.5,-0.693147181
TL,2013-06-06,rubidium_dissolved,NA,DET,0.8,0.8,-0.223143551
TL,2013-06-06,selenium_dissolved,0.3,BDL,0.3,0.15,-1.897119985
TL,2013-06-06,silver_dissolved,0.1,BDL,0.1,0.05,-2.995732274
TL,2013-06-06,strontium_dissolved,NA,DET,61.3,61.3,4.115779843
TL,2013-06-06,thallium_dissolved,0.1,BDL,0.1,0.05,-2.995732274
TL,2013-06-06,titanium_dissolved,NA,DET,0.3,0.3,-1.203972804
TL,2013-06-06,uranium_dissolved,NA,DET,0.1,0.1,-2.302585093
TL,2013-06-06,vanadium_dissolved,NA,DET,0.2,0.2,-1.609437912
TL,2013-06-06,zinc_dissolved,0.4,BDL,0.4,0.2,-1.609437912
TL,2013-06-06,aluminum_total,NA,DET,125,125,4.828313737
TL,2013-06-06,antimony_total,0.1,BDL,0.1,0.05,-2.995732274
TL,2013-06-06,arsenic_total,NA,DET,0.5,0.5,-0.693147181
TL,2013-06-06,barium_total,NA,DET,29.5,29.5,3.384390263
TL,2013-06-06,beryllium_total,0.1,BDL,0.1,0.05,-2.995732274
TL,2013-06-06,cadmium_total,0.1,BDL,0.1,0.05,-2.995732274
TL,2013-06-06,cesium_total,0.1,BDL,0.1,0.05,-2.995732274
TL,2013-06-06,chromium_total,NA,DET,1.1,1.1,0.09531018
TL,2013-06-06,cobalt_total,0.1,BDL,0.1,0.05,-2.995732274
TL,2013-06-06,copper_total,NA,DET,0.7,0.7,-0.356674944
TL,2013-06-06,iron_total,NA,DET,400,400,5.991464547
TL,2013-06-06,lead_total,NA,DET,0.2,0.2,-1.609437912
TL,2013-06-06,lithium_total,NA,DET,2.9,2.9,1.064710737
TL,2013-06-06,manganese_total,NA,DET,23.7,23.7,3.165475048
TL,2013-06-06,mercury_total,0.01,BDL,0.01,0.005,-5.298317367
TL,2013-06-06,molybdenum_total,NA,DET,0.5,0.5,-0.693147181
TL,2013-06-06,nickel_total,NA,DET,0.7,0.7,-0.356674944
TL,2013-06-06,rubidium_total,NA,DET,1,1,0
TL,2013-06-06,selenium_total,0.5,BDL,0.5,0.25,-1.386294361
TL,2013-06-06,silver_total,0.1,BDL,0.1,0.05,-2.995732274
TL,2013-06-06,strontium_total,NA,DET,58.8,58.8,4.074141855
TL,2013-06-06,thallium_total,0.1,BDL,0.1,0.05,-2.995732274
TL,2013-06-06,titanium_total,NA,DET,2.2,2.2,0.78845736
TL,2013-06-06,uranium_total,NA,DET,0.1,0.1,-2.302585093
TL,2013-06-06,vanadium_total,NA,DET,0.7,0.7,-0.356674944
TL,2013-06-06,zinc_total,5,BDL,5,2.5,0.916290732
TL,2014-03-20,aluminum_dissolved,NA,DET,3.2,3.2,1.16315081
TL,2014-03-20,antimony_dissolved,NA,DET,0.3,0.3,-1.203972804
TL,2014-03-20,arsenic_dissolved,NA,DET,0.3,0.3,-1.203972804
TL,2014-03-20,barium_dissolved,NA,DET,67.2,67.2,4.207673248
TL,2014-03-20,beryllium_dissolved,0.1,BDL,0.1,0.05,-2.995732274
TL,2014-03-20,cadmium_dissolved,0.05,BDL,0.05,0.025,-3.688879454
TL,2014-03-20,cesium_dissolved,0.1,BDL,0.1,0.05,-2.995732274
TL,2014-03-20,chromium_dissolved,NA,DET,0.2,0.2,-1.609437912
TL,2014-03-20,cobalt_dissolved,NA,DET,0.1,0.1,-2.302585093
TL,2014-03-20,copper_dissolved,NA,DET,0.6,0.6,-0.510825624
TL,2014-03-20,iron_dissolved,NA,DET,74,74,4.304065093
TL,2014-03-20,lead_dissolved,0.1,BDL,0.1,0.05,-2.995732274
TL,2014-03-20,lithium_dissolved,NA,DET,8.7,8.7,2.163323026
TL,2014-03-20,manganese_dissolved,NA,DET,59.3,59.3,4.082609306
TL,2014-03-20,mercury_dissolved,0.01,BDL,0.01,0.005,-5.298317367
TL,2014-03-20,molybdenum_dissolved,NA,DET,0.7,0.7,-0.356674944
TL,2014-03-20,nickel_dissolved,NA,DET,0.9,0.9,-0.105360516
TL,2014-03-20,rubidium_dissolved,NA,DET,0.8,0.8,-0.223143551
TL,2014-03-20,selenium_dissolved,0.3,BDL,0.3,0.15,-1.897119985
TL,2014-03-20,silver_dissolved,0.1,BDL,0.1,0.05,-2.995732274
TL,2014-03-20,strontium_dissolved,NA,DET,182,182,5.204006687
TL,2014-03-20,thallium_dissolved,0.1,BDL,0.1,0.05,-2.995732274
TL,2014-03-20,titanium_dissolved,NA,DET,0.2,0.2,-1.609437912
TL,2014-03-20,uranium_dissolved,NA,DET,0.5,0.5,-0.693147181
TL,2014-03-20,vanadium_dissolved,NA,DET,0.1,0.1,-2.302585093
TL,2014-03-20,zinc_dissolved,NA,DET,0.7,0.7,-0.356674944
TL,2014-03-20,aluminum_total,NA,DET,35.7,35.7,3.575150689
TL,2014-03-20,antimony_total,NA,DET,0.3,0.3,-1.203972804
TL,2014-03-20,arsenic_total,NA,DET,1,1,0
TL,2014-03-20,barium_total,NA,DET,69.3,69.3,4.238444906
TL,2014-03-20,beryllium_total,0.1,BDL,0.1,0.05,-2.995732274
TL,2014-03-20,cadmium_total,0.1,BDL,0.1,0.05,-2.995732274
TL,2014-03-20,cesium_total,0.1,BDL,0.1,0.05,-2.995732274
TL,2014-03-20,chromium_total,NA,DET,0.6,0.6,-0.510825624
TL,2014-03-20,cobalt_total,NA,DET,0.2,0.2,-1.609437912
TL,2014-03-20,copper_total,NA,DET,0.8,0.8,-0.223143551
TL,2014-03-20,iron_total,NA,DET,537,537,6.285998095
TL,2014-03-20,lead_total,NA,DET,0.2,0.2,-1.609437912
TL,2014-03-20,lithium_total,NA,DET,9.2,9.2,2.219203484
TL,2014-03-20,manganese_total,NA,DET,63.5,63.5,4.151039906
TL,2014-03-20,mercury_total,0.01,BDL,0.01,0.005,-5.298317367
TL,2014-03-20,molybdenum_total,NA,DET,0.8,0.8,-0.223143551
TL,2014-03-20,nickel_total,NA,DET,1,1,0
TL,2014-03-20,rubidium_total,NA,DET,1,1,0
TL,2014-03-20,selenium_total,0.5,BDL,0.5,0.25,-1.386294361
TL,2014-03-20,silver_total,0.1,BDL,0.1,0.05,-2.995732274
TL,2014-03-20,strontium_total,NA,DET,185,185,5.220355825
TL,2014-03-20,thallium_total,0.1,BDL,0.1,0.05,-2.995732274
TL,2014-03-20,titanium_total,NA,DET,0.9,0.9,-0.105360516
TL,2014-03-20,uranium_total,NA,DET,0.6,0.6,-0.510825624
TL,2014-03-20,vanadium_total,0.1,BDL,0.1,0.05,-2.995732274
TL,2014-03-20,zinc_total,NA,DET,9.4,9.4,2.240709689
TL,2014-06-10,turbidity,NA,DET,3.655,3.655,1.296096093
TL,2014-06-10,total_hardness,NA,DET,106,106,4.663439094
TL,2014-06-10,ph,NA,DET,8.105,8.105,2.092481155
TL,2014-06-10,nitrogen_dissolved,NA,DET,0.52,0.52,-0.653926467
TL,2014-06-10,organic_carbon_dissolved,NA,DET,17.2,17.2,2.844909384
TL,2014-06-10,organic_carbon_total,NA,DET,17.85,17.85,2.882003508
TL,2014-06-10,phosphorus_total,NA,DET,0.0095,0.0095,-4.65646348
TL,2014-06-10,alkalinity_total,NA,DET,93,93,4.532599493
TL,2014-06-10,specific_conductance,NA,DET,215,215,5.370638028
TL,2014-06-10,total_dissolved_solids,NA,DET,157,157,5.056245805
TL,2014-06-10,total_suspended_solids,NA,DET,5,5,1.609437912
TL,2014-06-10,calcium,NA,DET,32.75,32.75,3.488902962
TL,2014-06-10,chloride,NA,DET,1,1,0
TL,2014-06-10,fluoride,0.1,BDL,0.1,0.05,-2.995732274
TL,2014-06-10,magnesium,NA,DET,5.95,5.95,1.78339122
TL,2014-06-10,nitrate,NA,DET,0.075,0.075,-2.590267165
TL,2014-06-10,nitrite,0.01,BDL,0.01,0.005,-5.298317367
TL,2014-06-10,potassium,NA,DET,0.75,0.75,-0.287682072
TL,2014-06-10,sodium,NA,DET,3.8,3.8,1.335001067
TL,2014-06-10,sulfate,NA,DET,15,15,2.708050201
TL,2014-06-10,aluminum_dissolved,NA,DET,6.6,6.6,1.887069649
TL,2014-06-10,antimony_dissolved,0.1,BDL,0.1,0.05,-2.995732274
TL,2014-06-10,arsenic_dissolved,NA,DET,0.3,0.3,-1.203972804
TL,2014-06-10,barium_dissolved,NA,DET,39.9,39.9,3.686376324
TL,2014-06-10,beryllium_dissolved,0.1,BDL,0.1,0.05,-2.995732274
TL,2014-06-10,cadmium_dissolved,0.05,BDL,0.05,0.025,-3.688879454
TL,2014-06-10,cesium_dissolved,0.1,BDL,0.1,0.05,-2.995732274
TL,2014-06-10,chromium_dissolved,0.1,BDL,0.1,0.05,-2.995732274
TL,2014-06-10,cobalt_dissolved,0.1,BDL,0.1,0.05,-2.995732274
TL,2014-06-10,copper_dissolved,0.2,BDL,0.2,0.1,-2.302585093
TL,2014-06-10,iron_dissolved,NA,DET,109,109,4.691347882
TL,2014-06-10,lead_dissolved,0.1,BDL,0.1,0.05,-2.995732274
TL,2014-06-10,lithium_dissolved,NA,DET,4.05,4.05,1.398716881
TL,2014-06-10,manganese_dissolved,NA,DET,3.8,3.8,1.335001067
TL,2014-06-10,mercury_dissolved,0.01,BDL,0.01,0.005,-5.298317367
TL,2014-06-10,molybdenum_dissolved,NA,DET,0.6,0.6,-0.510825624
TL,2014-06-10,nickel_dissolved,NA,DET,0.7,0.7,-0.356674944
TL,2014-06-10,rubidium_dissolved,NA,DET,0.45,0.45,-0.798507696
TL,2014-06-10,strontium_dissolved,NA,DET,66.95,66.95,4.203946072
TL,2014-06-10,thallium_dissolved,0.1,BDL,0.1,0.05,-2.995732274
TL,2014-06-10,titanium_dissolved,NA,DET,0.25,0.25,-1.386294361
TL,2014-06-10,uranium_dissolved,NA,DET,0.25,0.25,-1.386294361
TL,2014-06-10,vanadium_dissolved,NA,DET,0.1,0.1,-2.302585093
TL,2014-06-10,zinc_dissolved,0.4,BDL,0.4,0.2,-1.609437912
TL,2014-06-10,aluminum_total,NA,DET,71.55,71.55,4.270396506
TL,2014-06-10,antimony_total,0.1,BDL,0.1,0.05,-2.995732274
TL,2014-06-10,arsenic_total,NA,DET,0.4,0.4,-0.916290732
TL,2014-06-10,barium_total,NA,DET,33.4,33.4,3.5085559
TL,2014-06-10,beryllium_total,0.1,BDL,0.1,0.05,-2.995732274
TL,2014-06-10,cadmium_total,0.1,BDL,0.1,0.05,-2.995732274
TL,2014-06-10,cesium_total,0.1,BDL,0.1,0.05,-2.995732274
TL,2014-06-10,chromium_total,NA,DET,0.65,0.65,-0.430782916
TL,2014-06-10,cobalt_total,0.1,BDL,0.1,0.05,-2.995732274
TL,2014-06-10,copper_total,0.2,BDL,0.2,0.1,-2.302585093
TL,2014-06-10,iron_total,NA,DET,266,266,5.583496309
TL,2014-06-10,lead_total,0.1,BDL,0.1,0.05,-2.995732274
TL,2014-06-10,lithium_total,NA,DET,3.7,3.7,1.30833282
TL,2014-06-10,manganese_total,NA,DET,14.6,14.6,2.681021529
TL,2014-06-10,mercury_total,0.01,BDL,0.01,0.005,-5.298317367
TL,2014-06-10,molybdenum_total,NA,DET,0.6,0.6,-0.510825624
TL,2014-06-10,nickel_total,NA,DET,0.7,0.7,-0.356674944
TL,2014-06-10,rubidium_total,NA,DET,0.8,0.8,-0.223143551
TL,2014-06-10,selenium_total,0.5,BDL,0.5,0.25,-1.386294361
TL,2014-06-10,silver_total,0.1,BDL,0.1,0.05,-2.995732274
TL,2014-06-10,strontium_total,NA,DET,70.85,70.85,4.260564966
TL,2014-06-10,thallium_total,0.1,BDL,0.1,0.05,-2.995732274
TL,2014-06-10,titanium_total,NA,DET,1.3,1.3,0.262364264
TL,2014-06-10,uranium_total,NA,DET,0.2,0.2,-1.609437912
TL,2014-06-10,vanadium_total,NA,DET,0.3,0.3,-1.203972804
TL,2014-06-10,zinc_total,5,BDL,5,2.5,0.916290732
TL,2014-06-10,nitrogen_total,NA,DET,0.585,0.585,-0.536143432
TL,2014-06-10,phosphorus_dissolved,0.002,BDL,0.002,0.001,-6.907755279
TL,2014-06-10,selenium_dissolved,0.3,BDL,0.3,0.15,-1.897119985
TL,2014-06-10,silver_dissolved,0.1,BDL,0.1,0.05,-2.995732274
TL,2014-08-27,turbidity,NA,DET,3.06,3.06,1.118414916
TL,2014-08-27,total_hardness,NA,DET,152,152,5.023880521
TL,2014-08-27,ph,NA,DET,8.08,8.08,2.089391873
TL,2014-08-27,ammonia,NA,DET,0.013,0.013,-4.342805922
TL,2014-08-27,nitrogen_dissolved,NA,DET,0.64,0.64,-0.446287103
TL,2014-08-27,nitrogen_total,NA,DET,0.68,0.68,-0.385662481
TL,2014-08-27,organic_carbon_dissolved,NA,DET,23.2,23.2,3.144152279
TL,2014-08-27,organic_carbon_total,NA,DET,23.1,23.1,3.139832618
TL,2014-08-27,phosphorus_dissolved,0.002,BDL,0.002,0.001,-6.907755279
TL,2014-08-27,phosphorus_total,NA,DET,0.009,0.009,-4.710530702
TL,2014-08-27,alkalinity_total,NA,DET,132,132,4.882801923
TL,2014-08-27,specific_conductance,NA,DET,271,271,5.602118821
TL,2014-08-27,total_dissolved_solids,NA,DET,198,198,5.288267031
TL,2014-08-27,total_suspended_solids,3,BDL,3,1.5,0.405465108
TL,2014-08-27,calcium,NA,DET,47.1,47.1,3.852273001
TL,2014-08-27,chloride,NA,DET,0.8,0.8,-0.223143551
TL,2014-08-27,fluoride,0.1,BDL,0.1,0.05,-2.995732274
TL,2014-08-27,magnesium,NA,DET,8.5,8.5,2.140066163
TL,2014-08-27,nitrate,NA,DET,0.06,0.06,-2.813410717
TL,2014-08-27,nitrite,0.01,BDL,0.01,0.005,-5.298317367
TL,2014-08-27,potassium,NA,DET,0.3,0.3,-1.203972804
TL,2014-08-27,sodium,NA,DET,4.7,4.7,1.547562509
TL,2014-08-27,sulfate,NA,DET,14,14,2.63905733
TL,2014-08-27,aluminum_dissolved,NA,DET,2.7,2.7,0.993251773
TL,2014-08-27,antimony_dissolved,NA,DET,0.1,0.1,-2.302585093
TL,2014-08-27,arsenic_dissolved,NA,DET,0.4,0.4,-0.916290732
TL,2014-08-27,barium_dissolved,NA,DET,39.9,39.9,3.686376324
TL,2014-08-27,beryllium_dissolved,0.1,BDL,0.1,0.05,-2.995732274
TL,2014-08-27,cadmium_dissolved,0.05,BDL,0.05,0.025,-3.688879454
TL,2014-08-27,cesium_dissolved,0.1,BDL,0.1,0.05,-2.995732274
TL,2014-08-27,chromium_dissolved,0.1,BDL,0.1,0.05,-2.995732274
TL,2014-08-27,cobalt_dissolved,0.1,BDL,0.1,0.05,-2.995732274
TL,2014-08-27,copper_dissolved,0.2,BDL,0.2,0.1,-2.302585093
TL,2014-08-27,iron_dissolved,NA,DET,38,38,3.63758616
TL,2014-08-27,lead_dissolved,NA,DET,0.1,0.1,-2.302585093
TL,2014-08-27,lithium_dissolved,NA,DET,4.8,4.8,1.568615918
TL,2014-08-27,manganese_dissolved,NA,DET,0.4,0.4,-0.916290732
TL,2014-08-27,mercury_dissolved,0.01,BDL,0.01,0.005,-5.298317367
TL,2014-08-27,molybdenum_dissolved,NA,DET,0.5,0.5,-0.693147181
TL,2014-08-27,nickel_dissolved,NA,DET,0.6,0.6,-0.510825624
TL,2014-08-27,rubidium_dissolved,NA,DET,0.6,0.6,-0.510825624
TL,2014-08-27,selenium_dissolved,0.3,BDL,0.3,0.15,-1.897119985
TL,2014-08-27,silver_dissolved,0.3,BDL,0.3,0.15,-1.897119985
TL,2014-08-27,strontium_dissolved,NA,DET,96.1,96.1,4.565389316
TL,2014-08-27,thallium_dissolved,0.1,BDL,0.1,0.05,-2.995732274
TL,2014-08-27,titanium_dissolved,0.1,BDL,0.1,0.05,-2.995732274
TL,2014-08-27,uranium_dissolved,NA,DET,0.2,0.2,-1.609437912
TL,2014-08-27,vanadium_dissolved,NA,DET,0.2,0.2,-1.609437912
TL,2014-08-27,zinc_dissolved,NA,DET,2.5,2.5,0.916290732
TL,2014-08-27,aluminum_total,NA,DET,30.7,30.7,3.424262655
TL,2014-08-27,antimony_total,0.1,BDL,0.1,0.05,-2.995732274
TL,2014-08-27,arsenic_total,NA,DET,0.6,0.6,-0.510825624
TL,2014-08-27,barium_total,NA,DET,44.8,44.8,3.802208139
TL,2014-08-27,beryllium_total,0.1,BDL,0.1,0.05,-2.995732274
TL,2014-08-27,cadmium_total,0.1,BDL,0.1,0.05,-2.995732274
TL,2014-08-27,cesium_total,0.1,BDL,0.1,0.05,-2.995732274
TL,2014-08-27,chromium_total,NA,DET,1.2,1.2,0.182321557
TL,2014-08-27,cobalt_total,NA,DET,0.1,0.1,-2.302585093
TL,2014-08-27,copper_total,NA,DET,0.3,0.3,-1.203972804
TL,2014-08-27,iron_total,NA,DET,315,315,5.752572639
TL,2014-08-27,lead_total,0.1,BDL,0.1,0.05,-2.995732274
TL,2014-08-27,lithium_total,NA,DET,5.2,5.2,1.648658626
TL,2014-08-27,manganese_total,NA,DET,15.7,15.7,2.753660712
TL,2014-08-27,mercury_total,NA,DET,0.01,0.01,-4.605170186
TL,2014-08-27,molybdenum_total,NA,DET,0.6,0.6,-0.510825624
TL,2014-08-27,nickel_total,NA,DET,0.8,0.8,-0.223143551
TL,2014-08-27,rubidium_total,NA,DET,0.7,0.7,-0.356674944
TL,2014-08-27,selenium_total,0.5,BDL,0.5,0.25,-1.386294361
TL,2014-08-27,silver_total,0.1,BDL,0.1,0.05,-2.995732274
TL,2014-08-27,strontium_total,NA,DET,102,102,4.624972813
TL,2014-08-27,thallium_total,0.1,BDL,0.1,0.05,-2.995732274
TL,2014-08-27,titanium_total,NA,DET,0.5,0.5,-0.693147181
TL,2014-08-27,uranium_total,NA,DET,0.2,0.2,-1.609437912
TL,2014-08-27,vanadium_total,NA,DET,0.2,0.2,-1.609437912
TL,2014-08-27,zinc_total,5,BDL,5,2.5,0.916290732
TL,2015-04-08,turbidity,NA,DET,8.78,8.78,2.172476408
TL,2015-04-08,ph,NA,DET,7.3,7.3,1.987874348
TL,2015-04-08,nitrogen_dissolved,NA,DET,0.8,0.8,-0.223143551
TL,2015-04-08,nitrogen_total,NA,DET,0.95,0.95,-0.051293294
TL,2015-04-08,organic_carbon_dissolved,NA,DET,18.8,18.8,2.93385687
TL,2015-04-08,organic_carbon_total,NA,DET,20.9,20.9,3.039749159
TL,2015-04-08,phosphorus_dissolved,NA,DET,0.003,0.003,-5.80914299
TL,2015-04-08,phosphorus_total,NA,DET,0.02,0.02,-3.912023005
TL,2015-04-08,alkalinity_total,NA,DET,224,224,5.411646052
TL,2015-04-08,specific_conductance,NA,DET,475,475,6.163314804
TL,2015-04-08,total_dissolved_solids,NA,DET,310,310,5.736572297
TL,2015-04-08,total_suspended_solids,NA,DET,13,13,2.564949357
TL,2015-04-08,calcium,NA,DET,77.9,77.9,4.355425953
TL,2015-04-08,chloride,NA,DET,4,4,1.386294361
TL,2015-04-08,fluoride,NA,DET,0.1,0.1,-2.302585093
TL,2015-04-08,magnesium,NA,DET,15,15,2.708050201
TL,2015-04-08,nitrate,NA,DET,0.2,0.2,-1.609437912
TL,2015-04-08,nitrite,0.01,BDL,0.01,0.005,-5.298317367
TL,2015-04-08,potassium,NA,DET,1,1,0
TL,2015-04-08,sodium,NA,DET,11.1,11.1,2.406945108
TL,2015-04-08,sulfate,NA,DET,33,33,3.496507561
TL,2015-04-08,aluminum_dissolved,NA,DET,2.7,2.7,0.993251773
TL,2015-04-08,antimony_dissolved,NA,DET,0.1,0.1,-2.302585093
TL,2015-04-08,arsenic_dissolved,NA,DET,0.4,0.4,-0.916290732
TL,2015-04-08,barium_dissolved,NA,DET,59.9,59.9,4.092676505
TL,2015-04-08,beryllium_dissolved,0.1,BDL,0.1,0.05,-2.995732274
TL,2015-04-08,cadmium_dissolved,0.05,BDL,0.05,0.025,-3.688879454
TL,2015-04-08,cesium_dissolved,0.1,BDL,0.1,0.05,-2.995732274
TL,2015-04-08,chromium_dissolved,NA,DET,1,1,0
TL,2015-04-08,cobalt_dissolved,NA,DET,0.1,0.1,-2.302585093
TL,2015-04-08,copper_dissolved,NA,DET,0.7,0.7,-0.356674944
TL,2015-04-08,iron_dissolved,NA,DET,67,67,4.204692619
TL,2015-04-08,lead_dissolved,0.1,BDL,0.1,0.05,-2.995732274
TL,2015-04-08,lithium_dissolved,NA,DET,7.3,7.3,1.987874348
TL,2015-04-08,manganese_dissolved,NA,DET,74.5,74.5,4.310799125
TL,2015-04-08,molybdenum_dissolved,NA,DET,0.07,0.07,-2.659260037
TL,2015-04-08,nickel_dissolved,NA,DET,2.1,2.1,0.741937345
TL,2015-04-08,rubidium_dissolved,NA,DET,0.7,0.7,-0.356674944
TL,2015-04-08,selenium_dissolved,0.3,BDL,0.3,0.15,-1.897119985
TL,2015-04-08,silver_dissolved,0.4,BDL,0.4,0.2,-1.609437912
TL,2015-04-08,strontium_dissolved,NA,DET,157,157,5.056245805
TL,2015-04-08,thallium_dissolved,0.1,BDL,0.1,0.05,-2.995732274
TL,2015-04-08,titanium_dissolved,0.1,BDL,0.1,0.05,-2.995732274
TL,2015-04-08,uranium_dissolved,NA,DET,0.4,0.4,-0.916290732
TL,2015-04-08,vanadium_dissolved,NA,DET,0.1,0.1,-2.302585093
TL,2015-04-08,zinc_dissolved,NA,DET,4,4,1.386294361
TL,2015-04-08,aluminum_total,NA,DET,120,120,4.787491743
TL,2015-04-08,antimony_total,NA,DET,0.2,0.2,-1.609437912
TL,2015-04-08,arsenic_total,NA,DET,0.5,0.5,-0.693147181
TL,2015-04-08,barium_total,NA,DET,61.1,61.1,4.112511866
TL,2015-04-08,beryllium_total,0.1,BDL,0.1,0.05,-2.995732274
TL,2015-04-08,cadmium_total,0.1,BDL,0.1,0.05,-2.995732274
TL,2015-04-08,cesium_total,0.1,BDL,0.1,0.05,-2.995732274
TL,2015-04-08,chromium_total,NA,DET,0.7,0.7,-0.356674944
TL,2015-04-08,cobalt_total,NA,DET,0.2,0.2,-1.609437912
TL,2015-04-08,copper_total,NA,DET,1.1,1.1,0.09531018
TL,2015-04-08,iron_total,NA,DET,499,499,6.212606096
TL,2015-04-08,lead_total,NA,DET,0.7,0.7,-0.356674944
TL,2015-04-08,lithium_total,NA,DET,8,8,2.079441542
TL,2015-04-08,manganese_total,NA,DET,75,75,4.317488114
TL,2015-04-08,molybdenum_total,NA,DET,0.5,0.5,-0.693147181
TL,2015-04-08,nickel_total,NA,DET,1.1,1.1,0.09531018
TL,2015-04-08,rubidium_total,NA,DET,0.9,0.9,-0.105360516
TL,2015-04-08,selenium_total,0.5,BDL,0.5,0.25,-1.386294361
TL,2015-04-08,silver_total,NA,DET,0.2,0.2,-1.609437912
TL,2015-04-08,strontium_total,NA,DET,143,143,4.96284463
TL,2015-04-08,thallium_total,NA,DET,0.8,0.8,-0.223143551
TL,2015-04-08,titanium_total,NA,DET,4.5,4.5,1.504077397
TL,2015-04-08,uranium_total,NA,DET,0.4,0.4,-0.916290732
TL,2015-04-08,vanadium_total,NA,DET,0.5,0.5,-0.693147181
TL,2015-04-08,zinc_total,NA,DET,6.9,6.9,1.931521412
TL,2016-03-11,total_hardness,NA,DET,249,249,5.517452896
TL,2016-03-11,ph,NA,DET,7.35,7.35,1.994700313
TL,2016-03-11,ammonia,NA,DET,0.048,0.048,-3.036554268
TL,2016-03-11,nitrogen_dissolved,NA,DET,0.76,0.76,-0.274436846
TL,2016-03-11,nitrogen_total,NA,DET,0.76,0.76,-0.274436846
TL,2016-03-11,organic_carbon_dissolved,NA,DET,20.1,20.1,3.000719815
TL,2016-03-11,phosphorus_dissolved,NA,DET,0.004,0.004,-5.521460918
TL,2016-03-11,phosphorus_total,NA,DET,0.008,0.008,-4.828313737
TL,2016-03-11,alkalinity_total,NA,DET,208,208,5.33753808
TL,2016-03-11,specific_conductance,NA,DET,451,451,6.11146734
TL,2016-03-11,total_dissolved_solids,NA,DET,280,280,5.634789603
TL,2016-03-11,total_suspended_solids,3,BDL,3,1.5,0.405465108
TL,2016-03-11,calcium,NA,DET,76.1,76.1,4.332048265
TL,2016-03-11,chloride,NA,DET,3.4,3.4,1.223775432
TL,2016-03-11,fluoride,0.1,BDL,0.1,0.05,-2.995732274
TL,2016-03-11,magnesium,NA,DET,14.4,14.4,2.667228207
TL,2016-03-11,nitrate,NA,DET,0.42,0.42,-0.867500568
TL,2016-03-11,nitrite,0.01,BDL,0.01,0.005,-5.298317367
TL,2016-03-11,potassium,NA,DET,0.9,0.9,-0.105360516
TL,2016-03-11,sodium,NA,DET,9.6,9.6,2.261763098
TL,2016-03-11,sulfate,NA,DET,32,32,3.465735903
TL,2016-03-11,chlorophyll_a,NA,DET,0.161,0.161,-1.826350914
TL,2016-03-11,aluminum_dissolved,NA,DET,2.7,2.7,0.993251773
TL,2016-03-11,antimony_dissolved,0.1,BDL,0.1,0.05,-2.995732274
TL,2016-03-11,arsenic_dissolved,NA,DET,0.3,0.3,-1.203972804
TL,2016-03-11,barium_dissolved,NA,DET,63.6,63.6,4.15261347
TL,2016-03-11,beryllium_dissolved,0.1,BDL,0.1,0.05,-2.995732274
TL,2016-03-11,cadmium_dissolved,0.05,BDL,0.05,0.025,-3.688879454
TL,2016-03-11,cesium_dissolved,0.1,BDL,0.1,0.05,-2.995732274
TL,2016-03-11,chromium_dissolved,0.1,BDL,0.1,0.05,-2.995732274
TL,2016-03-11,cobalt_dissolved,NA,DET,0.3,0.3,-1.203972804
TL,2016-03-11,copper_dissolved,NA,DET,0.7,0.7,-0.356674944
TL,2016-03-11,iron_dissolved,NA,DET,127,127,4.844187086
TL,2016-03-11,lead_dissolved,0.1,BDL,0.1,0.05,-2.995732274
TL,2016-03-11,lithium_dissolved,NA,DET,6.9,6.9,1.931521412
TL,2016-03-11,manganese_dissolved,NA,DET,217,217,5.379897354
TL,2016-03-11,molybdenum_dissolved,NA,DET,0.6,0.6,-0.510825624
TL,2016-03-11,nickel_dissolved,NA,DET,0.9,0.9,-0.105360516
TL,2016-03-11,rubidium_dissolved,NA,DET,0.7,0.7,-0.356674944
TL,2016-03-11,selenium_dissolved,0.3,BDL,0.3,0.15,-1.897119985
TL,2016-03-11,silver_dissolved,0.1,BDL,0.1,0.05,-2.995732274
TL,2016-03-11,strontium_dissolved,NA,DET,146,146,4.983606622
TL,2016-03-11,thallium_dissolved,0.1,BDL,0.1,0.05,-2.995732274
TL,2016-03-11,titanium_dissolved,0.1,BDL,0.1,0.05,-2.995732274
TL,2016-03-11,uranium_dissolved,NA,DET,0.4,0.4,-0.916290732
TL,2016-03-11,vanadium_dissolved,0.1,BDL,0.1,0.05,-2.995732274
TL,2016-03-11,zinc_dissolved,NA,DET,0.9,0.9,-0.105360516
TL,2016-03-11,aluminum_total,NA,DET,26.35,26.35,3.271468275
TL,2016-03-11,antimony_total,0.1,BDL,0.1,0.05,-2.995732274
TL,2016-03-11,arsenic_total,NA,DET,0.4,0.4,-0.916290732
TL,2016-03-11,barium_total,NA,DET,63.45,63.45,4.150252194
TL,2016-03-11,beryllium_total,0.1,BDL,0.1,0.05,-2.995732274
TL,2016-03-11,cadmium_total,0.1,BDL,0.1,0.05,-2.995732274
TL,2016-03-11,chromium_total,0.1,BDL,0.1,0.05,-2.995732274
TL,2016-03-11,cobalt_total,NA,DET,0.3,0.3,-1.203972804
TL,2016-03-11,copper_total,NA,DET,0.55,0.55,-0.597837001
TL,2016-03-11,iron_total,NA,DET,511.5,511.5,6.237347585
TL,2016-03-11,lead_total,0.1,BDL,0.1,0.05,-2.995732274
TL,2016-03-11,lithium_total,NA,DET,6.65,6.65,1.894616855
TL,2016-03-11,manganese_total,NA,DET,216.5,216.5,5.377590547
TL,2016-03-11,methylmercury_total,NA,DET,0.6,0.6,-0.510825624
TL,2016-03-11,molybdenum_total,NA,DET,0.9,0.9,-0.105360516
TL,2016-03-11,nickel_total,NA,DET,0.8,0.8,-0.223143551
TL,2016-03-11,rubidium_total,0.5,BDL,0.5,0.25,-1.386294361
TL,2016-03-11,selenium_total,0.1,BDL,0.1,0.05,-2.995732274
TL,2016-03-11,silver_total,NA,DET,145,145,4.976733742
TL,2016-03-11,strontium_total,0.1,BDL,0.1,0.05,-2.995732274
TL,2016-03-11,thallium_total,NA,DET,0.95,0.95,-0.051293294
TL,2016-03-11,titanium_total,NA,DET,0.4,0.4,-0.916290732
TL,2016-03-11,uranium_total,NA,DET,0.2,0.2,-1.609437912
TL,2016-03-11,vanadium_total,5,BDL,5,2.5,0.916290732
TL,2016-03-11,cesium_total,0.1,BDL,0.1,0.05,-2.995732274
TL,2016-04-27,turbidity,NA,DET,3.22,3.22,1.16938136
TL,2016-04-27,total_hardness,NA,DET,195,195,5.272999559
TL,2016-04-27,ph,NA,DET,7.6,7.6,2.028148247
TL,2016-04-27,nitrogen_dissolved,NA,DET,0.86,0.86,-0.15082289
TL,2016-04-27,nitrogen_total,NA,DET,0.92,0.92,-0.083381609
TL,2016-04-27,organic_carbon_dissolved,NA,DET,20,20,2.995732274
TL,2016-04-27,organic_carbon_total,NA,DET,20.6,20.6,3.025291076
TL,2016-04-27,phosphorus_dissolved,NA,DET,0.007,0.007,-4.96184513
TL,2016-04-27,phosphorus_total,NA,DET,0.017,0.017,-4.074541935
TL,2016-04-27,alkalinity_total,NA,DET,157,157,5.056245805
TL,2016-04-27,specific_conductance,NA,DET,370,370,5.913503006
TL,2016-04-27,total_dissolved_solids,NA,DET,243,243,5.493061443
TL,2016-04-27,total_suspended_solids,NA,DET,8,8,2.079441542
TL,2016-04-27,calcium,NA,DET,53.9,53.9,3.987130478
TL,2016-04-27,chloride,NA,DET,3.5,3.5,1.252762968
TL,2016-04-27,fluoride,0.1,BDL,0.1,0.05,-2.995732274
TL,2016-04-27,magnesium,NA,DET,14.6,14.6,2.681021529
TL,2016-04-27,nitrate,NA,DET,0.31,0.31,-1.171182982
TL,2016-04-27,nitrite,0.01,BDL,0.01,0.005,-5.298317367
TL,2016-04-27,potassium,NA,DET,0.8,0.8,-0.223143551
TL,2016-04-27,sodium,NA,DET,10,10,2.302585093
TL,2016-04-27,sulfate,NA,DET,36,36,3.583518938
TL,2016-04-27,chlorophyll_a,NA,DET,1.18,1.18,0.165514438
TL,2016-04-27,aluminum_dissolved,NA,DET,4.7,4.7,1.547562509
TL,2016-04-27,antimony_dissolved,NA,DET,0.1,0.1,-2.302585093
TL,2016-04-27,arsenic_dissolved,NA,DET,0.4,0.4,-0.916290732
TL,2016-04-27,barium_dissolved,NA,DET,43.8,43.8,3.779633817
TL,2016-04-27,beryllium_dissolved,0.1,BDL,0.1,0.05,-2.995732274
TL,2016-04-27,cadmium_dissolved,0.05,BDL,0.05,0.025,-3.688879454
TL,2016-04-27,cesium_dissolved,0.1,BDL,0.1,0.05,-2.995732274
TL,2016-04-27,chromium_dissolved,0.1,BDL,0.1,0.05,-2.995732274
TL,2016-04-27,cobalt_dissolved,NA,DET,0.1,0.1,-2.302585093
TL,2016-04-27,copper_dissolved,NA,DET,0.4,0.4,-0.916290732
TL,2016-04-27,iron_dissolved,NA,DET,42,42,3.737669618
TL,2016-04-27,lead_dissolved,0.1,BDL,0.1,0.05,-2.995732274
TL,2016-04-27,lithium_dissolved,NA,DET,7.4,7.4,2.00148
TL,2016-04-27,manganese_dissolved,NA,DET,38.4,38.4,3.64805746
TL,2016-04-27,mercury_dissolved,0.01,BDL,0.01,0.005,-5.298317367
TL,2016-04-27,molybdenum_dissolved,NA,DET,0.7,0.7,-0.356674944
TL,2016-04-27,nickel_dissolved,NA,DET,0.8,0.8,-0.223143551
TL,2016-04-27,rubidium_dissolved,NA,DET,0.8,0.8,-0.223143551
TL,2016-04-27,selenium_dissolved,0.3,BDL,0.3,0.15,-1.897119985
TL,2016-04-27,silver_dissolved,0.5,BDL,0.5,0.25,-1.386294361
TL,2016-04-27,strontium_dissolved,NA,DET,111,111,4.709530201
TL,2016-04-27,thallium_dissolved,0.1,BDL,0.1,0.05,-2.995732274
TL,2016-04-27,titanium_dissolved,NA,DET,0.2,0.2,-1.609437912
TL,2016-04-27,uranium_dissolved,NA,DET,0.4,0.4,-0.916290732
TL,2016-04-27,vanadium_dissolved,NA,DET,0.1,0.1,-2.302585093
TL,2016-04-27,zinc_dissolved,NA,DET,17.5,17.5,2.862200881
TL,2016-04-27,aluminum_total,NA,DET,52.8,52.8,3.966511191
TL,2016-04-27,antimony_total,0.1,BDL,0.1,0.05,-2.995732274
TL,2016-04-27,arsenic_total,NA,DET,0.4,0.4,-0.916290732
TL,2016-04-27,barium_total,NA,DET,45,45,3.80666249
TL,2016-04-27,beryllium_total,0.1,BDL,0.1,0.05,-2.995732274
TL,2016-04-27,cadmium_total,0.1,BDL,0.1,0.05,-2.995732274
TL,2016-04-27,cesium_total,0.1,BDL,0.1,0.05,-2.995732274
TL,2016-04-27,chromium_total,NA,DET,0.2,0.2,-1.609437912
TL,2016-04-27,cobalt_total,NA,DET,0.1,0.1,-2.302585093
TL,2016-04-27,copper_total,NA,DET,0.4,0.4,-0.916290732
TL,2016-04-27,iron_total,NA,DET,334,334,5.811140993
TL,2016-04-27,lead_total,0.1,BDL,0.1,0.05,-2.995732274
TL,2016-04-27,lithium_total,NA,DET,7.9,7.9,2.066862759
TL,2016-04-27,manganese_total,NA,DET,43.3,43.3,3.768152635
TL,2016-04-27,mercury_total,0.01,BDL,0.01,0.005,-5.298317367
TL,2016-04-27,molybdenum_total,NA,DET,0.8,0.8,-0.223143551
TL,2016-04-27,nickel_total,NA,DET,0.9,0.9,-0.105360516
TL,2016-04-27,rubidium_total,NA,DET,0.9,0.9,-0.105360516
TL,2016-04-27,selenium_total,0.5,BDL,0.5,0.25,-1.386294361
TL,2016-04-27,silver_total,0.1,BDL,0.1,0.05,-2.995732274
TL,2016-04-27,strontium_total,NA,DET,112,112,4.718498871
TL,2016-04-27,thallium_total,0.1,BDL,0.1,0.05,-2.995732274
TL,2016-04-27,titanium_total,NA,DET,1.8,1.8,0.587786665
TL,2016-04-27,uranium_total,NA,DET,0.5,0.5,-0.693147181
TL,2016-04-27,vanadium_total,NA,DET,0.3,0.3,-1.203972804
TL,2016-04-27,zinc_total,NA,DET,22.9,22.9,3.131136911
TL,2016-06-14,total_hardness,NA,DET,114,114,4.736198448
TL,2016-06-14,ph,NA,DET,7.88,7.88,2.064327904
TL,2016-06-14,ammonia,0.005,BDL,0.005,0.0025,-5.991464547
TL,2016-06-14,nitrogen_dissolved,NA,DET,0.55,0.55,-0.597837001
TL,2016-06-14,nitrogen_total,NA,DET,0.57,0.57,-0.562118918
TL,2016-06-14,organic_carbon_dissolved,NA,DET,18.8,18.8,2.93385687
TL,2016-06-14,phosphorus_dissolved,0.002,BDL,0.002,0.001,-6.907755279
TL,2016-06-14,phosphorus_total,NA,DET,0.008,0.008,-4.828313737
TL,2016-06-14,alkalinity_total,NA,DET,89,89,4.48863637
TL,2016-06-14,specific_conductance,NA,DET,198,198,5.288267031
TL,2016-06-14,total_dissolved_solids,NA,DET,125,125,4.828313737
TL,2016-06-14,total_suspended_solids,NA,DET,6,6,1.791759469
TL,2016-06-14,calcium,NA,DET,34.2,34.2,3.532225644
TL,2016-06-14,chloride,0.7,BDL,0.7,0.35,-1.049822124
TL,2016-06-14,fluoride,0.1,BDL,0.1,0.05,-2.995732274
TL,2016-06-14,magnesium,NA,DET,7,7,1.945910149
TL,2016-06-14,nitrate,NA,DET,0.1,0.1,-2.302585093
TL,2016-06-14,nitrite,0.01,BDL,0.01,0.005,-5.298317367
TL,2016-06-14,potassium,NA,DET,0.3,0.3,-1.203972804
TL,2016-06-14,sodium,NA,DET,3.5,3.5,1.252762968
TL,2016-06-14,sulfate,NA,DET,18,18,2.890371758
TL,2016-06-14,chlorophyll_a,NA,DET,0.5,0.5,-0.693147181
TL,2016-06-14,aluminum_dissolved,NA,DET,4.9,4.9,1.589235205
TL,2016-06-14,antimony_dissolved,NA,DET,0.1,0.1,-2.302585093
TL,2016-06-14,arsenic_dissolved,NA,DET,0.3,0.3,-1.203972804
TL,2016-06-14,barium_dissolved,NA,DET,29.3,29.3,3.377587516
TL,2016-06-14,beryllium_dissolved,0.1,BDL,0.1,0.05,-2.995732274
TL,2016-06-14,cadmium_dissolved,0.05,BDL,0.05,0.025,-3.688879454
TL,2016-06-14,cesium_dissolved,0.1,BDL,0.1,0.05,-2.995732274
TL,2016-06-14,chromium_dissolved,0.1,BDL,0.1,0.05,-2.995732274
TL,2016-06-14,cobalt_dissolved,0.1,BDL,0.1,0.05,-2.995732274
TL,2016-06-14,copper_dissolved,0.2,BDL,0.2,0.1,-2.302585093
TL,2016-06-14,iron_dissolved,NA,DET,62,62,4.127134385
TL,2016-06-14,lead_dissolved,0.1,BDL,0.1,0.05,-2.995732274
TL,2016-06-14,lithium_dissolved,NA,DET,3.6,3.6,1.280933845
TL,2016-06-14,manganese_dissolved,NA,DET,1.9,1.9,0.641853886
TL,2016-06-14,molybdenum_dissolved,NA,DET,0.3,0.3,-1.203972804
TL,2016-06-14,nickel_dissolved,NA,DET,0.5,0.5,-0.693147181
TL,2016-06-14,rubidium_dissolved,NA,DET,0.4,0.4,-0.916290732
TL,2016-06-14,selenium_dissolved,0.3,BDL,0.3,0.15,-1.897119985
TL,2016-06-14,silver_dissolved,0.6,BDL,0.6,0.3,-1.203972804
TL,2016-06-14,strontium_dissolved,NA,DET,66,66,4.189654742
TL,2016-06-14,thallium_dissolved,0.1,BDL,0.1,0.05,-2.995732274
TL,2016-06-14,titanium_dissolved,NA,DET,0.1,0.1,-2.302585093
TL,2016-06-14,uranium_dissolved,NA,DET,0.1,0.1,-2.302585093
TL,2016-06-14,vanadium_dissolved,NA,DET,0.1,0.1,-2.302585093
TL,2016-06-14,zinc_dissolved,0.4,BDL,0.4,0.2,-1.609437912
TL,2016-06-14,aluminum_total,NA,DET,149,149,5.003946306
TL,2016-06-14,antimony_total,0.1,BDL,0.1,0.05,-2.995732274
TL,2016-06-14,arsenic_total,NA,DET,0.4,0.4,-0.916290732
TL,2016-06-14,barium_total,NA,DET,31.1,31.1,3.437207819
TL,2016-06-14,beryllium_total,0.1,BDL,0.1,0.05,-2.995732274
TL,2016-06-14,cadmium_total,0.1,BDL,0.1,0.05,-2.995732274
TL,2016-06-14,cesium_total,0.1,BDL,0.1,0.05,-2.995732274
TL,2016-06-14,chromium_total,NA,DET,0.2,0.2,-1.609437912
TL,2016-06-14,cobalt_total,0.1,BDL,0.1,0.05,-2.995732274
TL,2016-06-14,copper_total,NA,DET,0.3,0.3,-1.203972804
TL,2016-06-14,iron_total,NA,DET,247,247,5.509388337
TL,2016-06-14,lead_total,0.1,BDL,0.1,0.05,-2.995732274
TL,2016-06-14,lithium_total,NA,DET,3.2,3.2,1.16315081
TL,2016-06-14,manganese_total,NA,DET,16.6,16.6,2.809402695
TL,2016-06-14,molybdenum_total,NA,DET,0.4,0.4,-0.916290732
TL,2016-06-14,nickel_total,NA,DET,0.6,0.6,-0.510825624
TL,2016-06-14,rubidium_total,NA,DET,0.7,0.7,-0.356674944
TL,2016-06-14,selenium_total,0.5,BDL,0.5,0.25,-1.386294361
TL,2016-06-14,silver_total,0.1,BDL,0.1,0.05,-2.995732274
TL,2016-06-14,strontium_total,NA,DET,65.5,65.5,4.182050143
TL,2016-06-14,thallium_total,0.1,BDL,0.1,0.05,-2.995732274
TL,2016-06-14,titanium_total,NA,DET,3.9,3.9,1.360976553
TL,2016-06-14,uranium_total,NA,DET,0.1,0.1,-2.302585093
TL,2016-06-14,vanadium_total,NA,DET,0.5,0.5,-0.693147181
TL,2016-06-14,zinc_total,5,BDL,5,2.5,0.916290732
TL,2016-10-14,total_hardness,NA,DET,141,141,4.94875989
TL,2016-10-14,ph,NA,DET,8.24,8.24,2.109000344
TL,2016-10-14,ammonia,0.005,BDL,0.005,0.0025,-5.991464547
TL,2016-10-14,nitrogen_dissolved,NA,DET,0.58,0.58,-0.544727175
TL,2016-10-14,nitrogen_total,NA,DET,0.58,0.58,-0.544727175
TL,2016-10-14,organic_carbon_dissolved,NA,DET,19.6,19.6,2.975529566
TL,2016-10-14,phosphorus_dissolved,NA,DET,0.003,0.003,-5.80914299
TL,2016-10-14,phosphorus_total,NA,DET,0.009,0.009,-4.710530702
TL,2016-10-14,alkalinity_total,NA,DET,124,124,4.820281566
TL,2016-10-14,specific_conductance,NA,DET,255,255,5.541263545
TL,2016-10-14,total_dissolved_solids,NA,DET,181,181,5.198497031
TL,2016-10-14,total_suspended_solids,3,BDL,3,1.5,0.405465108
TL,2016-10-14,calcium,NA,DET,42.9,42.9,3.758871826
TL,2016-10-14,chloride,NA,DET,1.4,1.4,0.336472237
TL,2016-10-14,fluoride,0.1,BDL,0.1,0.05,-2.995732274
TL,2016-10-14,magnesium,NA,DET,8.2,8.2,2.104134154
TL,2016-10-14,nitrate,NA,DET,0.21,0.21,-1.560647748
TL,2016-10-14,nitrite,0.01,BDL,0.01,0.005,-5.298317367
TL,2016-10-14,potassium,NA,DET,0.5,0.5,-0.693147181
TL,2016-10-14,sodium,NA,DET,4.3,4.3,1.458615023
TL,2016-10-14,sulfate,NA,DET,16,16,2.772588722
TL,2016-10-14,aluminum_dissolved,NA,DET,4.2,4.2,1.435084525
TL,2016-10-14,antimony_dissolved,NA,DET,0.1,0.1,-2.302585093
TL,2016-10-14,arsenic_dissolved,NA,DET,0.3,0.3,-1.203972804
TL,2016-10-14,barium_dissolved,NA,DET,29.5,29.5,3.384390263
TL,2016-10-14,beryllium_dissolved,0.1,BDL,0.1,0.05,-2.995732274
TL,2016-10-14,cadmium_dissolved,0.05,BDL,0.05,0.025,-3.688879454
TL,2016-10-14,cesium_dissolved,0.1,BDL,0.1,0.05,-2.995732274
TL,2016-10-14,chromium_dissolved,0.1,BDL,0.1,0.05,-2.995732274
TL,2016-10-14,cobalt_dissolved,0.1,BDL,0.1,0.05,-2.995732274
TL,2016-10-14,copper_dissolved,0.2,BDL,0.2,0.1,-2.302585093
TL,2016-10-14,iron_dissolved,NA,DET,107,107,4.672828834
TL,2016-10-14,lead_dissolved,0.1,BDL,0.1,0.05,-2.995732274
TL,2016-10-14,lithium_dissolved,NA,DET,4,4,1.386294361
TL,2016-10-14,manganese_dissolved,NA,DET,6.6,6.6,1.887069649
TL,2016-10-14,molybdenum_dissolved,NA,DET,0.3,0.3,-1.203972804
TL,2016-10-14,nickel_dissolved,NA,DET,0.4,0.4,-0.916290732
TL,2016-10-14,rubidium_dissolved,NA,DET,0.6,0.6,-0.510825624
TL,2016-10-14,selenium_dissolved,0.3,BDL,0.3,0.15,-1.897119985
TL,2016-10-14,silver_dissolved,0.7,BDL,0.7,0.35,-1.049822124
TL,2016-10-14,strontium_dissolved,NA,DET,84.3,84.3,4.434381865
TL,2016-10-14,thallium_dissolved,0.1,BDL,0.1,0.05,-2.995732274
TL,2016-10-14,titanium_dissolved,NA,DET,0.2,0.2,-1.609437912
TL,2016-10-14,uranium_dissolved,NA,DET,0.2,0.2,-1.609437912
TL,2016-10-14,vanadium_dissolved,NA,DET,0.1,0.1,-2.302585093
TL,2016-10-14,zinc_dissolved,0.4,BDL,0.4,0.2,-1.609437912
TL,2016-10-14,aluminum_total,NA,DET,28.7,28.7,3.356897123
TL,2016-10-14,antimony_total,0.1,BDL,0.1,0.05,-2.995732274
TL,2016-10-14,arsenic_total,NA,DET,0.3,0.3,-1.203972804
TL,2016-10-14,barium_total,NA,DET,31.9,31.9,3.46260601
TL,2016-10-14,beryllium_total,0.1,BDL,0.1,0.05,-2.995732274
TL,2016-10-14,cadmium_total,0.1,BDL,0.1,0.05,-2.995732274
TL,2016-10-14,cesium_total,0.1,BDL,0.1,0.05,-2.995732274
TL,2016-10-14,chromium_total,0.1,BDL,0.1,0.05,-2.995732274
TL,2016-10-14,cobalt_total,0.1,BDL,0.1,0.05,-2.995732274
TL,2016-10-14,copper_total,0.2,BDL,0.2,0.1,-2.302585093
TL,2016-10-14,iron_total,NA,DET,225,225,5.416100402
TL,2016-10-14,lead_total,0.1,BDL,0.1,0.05,-2.995732274
TL,2016-10-14,lithium_total,NA,DET,4.2,4.2,1.435084525
TL,2016-10-14,manganese_total,NA,DET,12,12,2.48490665
TL,2016-10-14,molybdenum_total,NA,DET,0.3,0.3,-1.203972804
TL,2016-10-14,nickel_total,NA,DET,0.5,0.5,-0.693147181
TL,2016-10-14,rubidium_total,NA,DET,0.7,0.7,-0.356674944
TL,2016-10-14,selenium_total,0.5,BDL,0.5,0.25,-1.386294361
TL,2016-10-14,silver_total,0.1,BDL,0.1,0.05,-2.995732274
TL,2016-10-14,strontium_total,NA,DET,89.8,89.8,4.497584975
TL,2016-10-14,thallium_total,0.1,BDL,0.1,0.05,-2.995732274
TL,2016-10-14,titanium_total,NA,DET,0.8,0.8,-0.223143551
TL,2016-10-14,uranium_total,NA,DET,0.2,0.2,-1.609437912
TL,2016-10-14,vanadium_total,NA,DET,0.2,0.2,-1.609437912
TL,2016-10-14,zinc_total,NA,DET,7.9,7.9,2.066862759
WC,2011-12-15,turbidity,NA,DET,7.66,7.66,2.036011984
WC,2011-12-15,total_hardness,NA,DET,209.5,209.5,5.344723739
WC,2011-12-15,ph,NA,DET,7.88,7.88,2.064327904
WC,2011-12-15,ammonia,NA,DET,0.07,0.07,-2.659260037
WC,2011-12-15,nitrogen_dissolved,NA,DET,0.53,0.53,-0.634878272
WC,2011-12-15,nitrogen_total,NA,DET,0.54,0.54,-0.616186139
WC,2011-12-15,organic_carbon_dissolved,NA,DET,11.8,11.8,2.468099531
WC,2011-12-15,organic_carbon_total,NA,DET,12.3,12.3,2.509599262
WC,2011-12-15,phosphorus_total,NA,DET,0.02,0.02,-3.912023005
WC,2011-12-15,alkalinity_total,NA,DET,193,193,5.262690189
WC,2011-12-15,specific_conductance,NA,DET,421,421,6.042632834
WC,2011-12-15,total_dissolved_solids,NA,DET,255,255,5.541263545
WC,2011-12-15,total_suspended_solids,NA,DET,6,6,1.791759469
WC,2011-12-15,calcium,NA,DET,61.8,61.8,4.123903364
WC,2011-12-15,chloride,NA,DET,4.3,4.3,1.458615023
WC,2011-12-15,fluoride,0.1,BDL,0.1,0.05,-2.995732274
WC,2011-12-15,magnesium,NA,DET,13.2,13.2,2.58021683
WC,2011-12-15,nitrate,NA,DET,0.205,0.205,-1.5847453
WC,2011-12-15,nitrite,0.01,BDL,0.01,0.005,-5.298317367
WC,2011-12-15,potassium,NA,DET,0.7,0.7,-0.356674944
WC,2011-12-15,sodium,NA,DET,10.3,10.3,2.332143895
WC,2011-12-15,sulfate,NA,DET,26.5,26.5,3.277144733
WC,2011-12-15,aluminum_total,NA,DET,44,44,3.784189634
WC,2011-12-15,antimony_total,NA,DET,0.3,0.3,-1.203972804
WC,2011-12-15,arsenic_total,NA,DET,0.5,0.5,-0.693147181
WC,2011-12-15,barium_total,NA,DET,103,103,4.634728988
WC,2011-12-15,beryllium_total,0.1,BDL,0.1,0.05,-2.995732274
WC,2011-12-15,cadmium_total,0.1,BDL,0.1,0.05,-2.995732274
WC,2011-12-15,cesium_total,0.1,BDL,0.1,0.05,-2.995732274
WC,2011-12-15,chromium_total,NA,DET,0.15,0.15,-1.897119985
WC,2011-12-15,cobalt_total,0.1,BDL,0.1,0.05,-2.995732274
WC,2011-12-15,copper_total,NA,DET,1.05,1.05,0.048790164
WC,2011-12-15,iron_total,NA,DET,1290,1290,7.162397497
WC,2011-12-15,lithium_total,NA,DET,8.15,8.15,2.098017927
WC,2011-12-15,mercury_total,0.01,BDL,0.01,0.005,-5.298317367
WC,2011-12-15,molybdenum_total,NA,DET,0.8,0.8,-0.223143551
WC,2011-12-15,nickel_total,NA,DET,1.15,1.15,0.139761942
WC,2011-12-15,rubidium_total,NA,DET,0.7,0.7,-0.356674944
WC,2011-12-15,selenium_total,0.5,BDL,0.5,0.25,-1.386294361
WC,2011-12-15,silver_total,0.1,BDL,0.1,0.05,-2.995732274
WC,2011-12-15,strontium_total,NA,DET,121,121,4.795790546
WC,2011-12-15,thallium_total,0.1,BDL,0.1,0.05,-2.995732274
WC,2011-12-15,titanium_total,NA,DET,1.1,1.1,0.09531018
WC,2011-12-15,uranium_total,NA,DET,0.7,0.7,-0.356674944
WC,2011-12-15,vanadium_total,NA,DET,0.5,0.5,-0.693147181
WC,2011-12-15,zinc_total,5,BDL,5,2.5,0.916290732
WC,2011-12-15,phosphorus_dissolved,0.01,BDL,0.01,0.005,-5.298317367
WC,2011-12-15,lead_total,NA,DET,0.125,0.125,-2.079441542
WC,2012-03-22,turbidity,NA,DET,0.1,0.1,-2.302585093
WC,2012-03-22,total_hardness,NA,DET,0.01,0.01,-4.605170186
WC,2012-03-22,ph,NA,DET,8.48,8.48,2.13771045
WC,2012-03-22,ammonia,NA,DET,0.08,0.08,-2.525728644
WC,2012-03-22,nitrogen_dissolved,NA,DET,0.66,0.66,-0.415515444
WC,2012-03-22,nitrogen_total,NA,DET,0.68,0.68,-0.385662481
WC,2012-03-22,organic_carbon_dissolved,NA,DET,13.4,13.4,2.595254707
WC,2012-03-22,organic_carbon_total,NA,DET,13.8,13.8,2.624668592
WC,2012-03-22,phosphorus_dissolved,NA,DET,502,502,6.21860012
WC,2012-03-22,phosphorus_total,NA,DET,7.85,7.85,2.060513532
WC,2012-03-22,alkalinity_total,NA,DET,312,312,5.743003188
WC,2012-03-22,specific_conductance,NA,DET,4,4,1.386294361
WC,2012-03-22,total_dissolved_solids,NA,DET,77,77,4.343805422
WC,2012-03-22,total_suspended_solids,NA,DET,6.5,6.5,1.871802177
WC,2012-03-22,calcium,NA,DET,259,259,5.556828062
WC,2012-03-22,chloride,NA,DET,16.2,16.2,2.785011242
WC,2012-03-22,fluoride,NA,DET,0.33,0.33,-1.108662625
WC,2012-03-22,magnesium,NA,DET,1,1,0
WC,2012-03-22,nitrate,NA,DET,12.1,12.1,2.493205453
WC,2012-03-22,nitrite,NA,DET,22,22,3.091042453
WC,2012-03-22,potassium,0.2,BDL,0.2,0.1,-2.302585093
WC,2012-03-22,sodium,0.2,BDL,0.2,0.1,-2.302585093
WC,2012-03-22,sulfate,0.2,BDL,0.2,0.1,-2.302585093
WC,2012-03-22,aluminum_total,NA,DET,13,13,2.564949357
WC,2012-03-22,antimony_total,0.1,BDL,0.1,0.05,-2.995732274
WC,2012-03-22,arsenic_total,NA,DET,0.3,0.3,-1.203972804
WC,2012-03-22,barium_total,NA,DET,129,129,4.859812404
WC,2012-03-22,beryllium_total,0.1,BDL,0.1,0.05,-2.995732274
WC,2012-03-22,cesium_total,0.1,BDL,0.1,0.05,-2.995732274
WC,2012-03-22,chromium_total,0.1,BDL,0.1,0.05,-2.995732274
WC,2012-03-22,cobalt_total,0.1,BDL,0.1,0.05,-2.995732274
WC,2012-03-22,copper_total,NA,DET,0.5,0.5,-0.693147181
WC,2012-03-22,iron_total,NA,DET,832,832,6.723832441
WC,2012-03-22,lead_total,0.1,BDL,0.1,0.05,-2.995732274
WC,2012-03-22,lithium_total,NA,DET,6.6,6.6,1.887069649
WC,2012-03-22,manganese_total,NA,DET,310,310,5.736572297
WC,2012-03-22,methylmercury_total,0.2,BDL,0.2,0.1,-2.302585093
WC,2012-03-22,molybdenum_total,NA,DET,0.9,0.9,-0.105360516
WC,2012-03-22,nickel_total,NA,DET,0.8,0.8,-0.223143551
WC,2012-03-22,rubidium_total,NA,DET,0.6,0.6,-0.510825624
WC,2012-03-22,selenium_total,0.5,BDL,0.5,0.25,-1.386294361
WC,2012-03-22,silver_total,0.1,BDL,0.1,0.05,-2.995732274
WC,2012-03-22,strontium_total,NA,DET,123,123,4.812184355
WC,2012-03-22,thallium_total,0.1,BDL,0.1,0.05,-2.995732274
WC,2012-03-22,titanium_total,NA,DET,0.5,0.5,-0.693147181
WC,2012-03-22,uranium_total,NA,DET,0.8,0.8,-0.223143551
WC,2012-03-22,vanadium_total,NA,DET,0.2,0.2,-1.609437912
WC,2012-03-22,zinc_total,5,BDL,5,2.5,0.916290732
WC,2012-06-01,turbidity,NA,DET,7,7,1.945910149
WC,2012-06-01,total_hardness,NA,DET,136.2,136.2,4.914124394
WC,2012-06-01,ph,NA,DET,7.89,7.89,2.065596135
WC,2012-06-01,ammonia,NA,DET,0.0255,0.0255,-3.669076827
WC,2012-06-01,nitrogen_dissolved,NA,DET,0.51,0.51,-0.673344553
WC,2012-06-01,nitrogen_total,NA,DET,0.56,0.56,-0.579818495
WC,2012-06-01,organic_carbon_dissolved,NA,DET,20.9,20.9,3.039749159
WC,2012-06-01,organic_carbon_total,NA,DET,21.8,21.8,3.08190997
WC,2012-06-01,phosphorus_total,NA,DET,0.052,0.052,-2.95651156
WC,2012-06-01,alkalinity_total,NA,DET,112,112,4.718498871
WC,2012-06-01,specific_conductance,NA,DET,269,269,5.59471138
WC,2012-06-01,total_dissolved_solids,NA,DET,178,178,5.18178355
WC,2012-06-01,calcium,NA,DET,40.3,40.3,3.696351469
WC,2012-06-01,chloride,NA,DET,2.9,2.9,1.064710737
WC,2012-06-01,fluoride,0.1,BDL,0.1,0.05,-2.995732274
WC,2012-06-01,magnesium,NA,DET,8.6,8.6,2.151762203
WC,2012-06-01,nitrite,0.01,BDL,0.01,0.005,-5.298317367
WC,2012-06-01,potassium,NA,DET,0.65,0.65,-0.430782916
WC,2012-06-01,sodium,NA,DET,8,8,2.079441542
WC,2012-06-01,sulfate,NA,DET,25.5,25.5,3.238678452
WC,2012-06-01,phosphorus_dissolved,0.01,BDL,0.01,0.005,-5.298317367
WC,2012-06-01,total_suspended_solids,NA,DET,5.8,5.8,1.757857918
WC,2012-06-01,nitrate,NA,DET,0.0125,0.0125,-4.382026635
WC,2012-09-17,turbidity,NA,DET,9.01,9.01,2.198335072
WC,2012-09-17,total_hardness,NA,DET,173,173,5.153291594
WC,2012-09-17,ph,NA,DET,8.18,8.18,2.101692151
WC,2012-09-17,ammonia,NA,DET,0.041,0.041,-3.194183212
WC,2012-09-17,nitrogen_dissolved,NA,DET,0.55,0.55,-0.597837001
WC,2012-09-17,nitrogen_total,NA,DET,0.62,0.62,-0.478035801
WC,2012-09-17,organic_carbon_dissolved,NA,DET,23.1,23.1,3.139832618
WC,2012-09-17,organic_carbon_total,NA,DET,24.4,24.4,3.194583132
WC,2012-09-17,phosphorus_dissolved,0.01,BDL,0.01,0.005,-5.298317367
WC,2012-09-17,phosphorus_total,NA,DET,0.03,0.03,-3.506557897
WC,2012-09-17,alkalinity_total,NA,DET,144,144,4.9698133
WC,2012-09-17,specific_conductance,NA,DET,336,336,5.81711116
WC,2012-09-17,total_dissolved_solids,NA,DET,214,214,5.365976015
WC,2012-09-17,total_suspended_solids,NA,DET,10,10,2.302585093
WC,2012-09-17,calcium,NA,DET,51.2,51.2,3.935739532
WC,2012-09-17,chloride,NA,DET,4,4,1.386294361
WC,2012-09-17,fluoride,NA,DET,0.1,0.1,-2.302585093
WC,2012-09-17,magnesium,NA,DET,10.9,10.9,2.388762789
WC,2012-09-17,nitrate,NA,DET,0.02,0.02,-3.912023005
WC,2012-09-17,nitrite,0.01,BDL,0.01,0.005,-5.298317367
WC,2012-09-17,potassium,NA,DET,0.7,0.7,-0.356674944
WC,2012-09-17,sodium,NA,DET,10.1,10.1,2.312535424
WC,2012-09-17,sulfate,NA,DET,29,29,3.36729583
WC,2013-03-22,turbidity,NA,DET,37.7,37.7,3.629660094
WC,2013-03-22,total_hardness,NA,DET,239,239,5.476463552
WC,2013-03-22,ph,NA,DET,7.62,7.62,2.03077637
WC,2013-03-22,ammonia,NA,DET,0.04,0.04,-3.218875825
WC,2013-03-22,nitrogen_dissolved,NA,DET,0.53,0.53,-0.634878272
WC,2013-03-22,nitrogen_total,NA,DET,0.62,0.62,-0.478035801
WC,2013-03-22,organic_carbon_dissolved,NA,DET,17.2,17.2,2.844909384
WC,2013-03-22,organic_carbon_total,NA,DET,38.1,38.1,3.640214282
WC,2013-03-22,phosphorus_dissolved,NA,DET,0.012,0.012,-4.422848629
WC,2013-03-22,phosphorus_total,NA,DET,0.093,0.093,-2.375155786
WC,2013-03-22,alkalinity_total,NA,DET,207,207,5.332718793
WC,2013-03-22,specific_conductance,NA,DET,450,450,6.109247583
WC,2013-03-22,total_dissolved_solids,NA,DET,276,276,5.620400866
WC,2013-03-22,total_suspended_solids,NA,DET,61,61,4.110873864
WC,2013-03-22,calcium,NA,DET,71,71,4.262679877
WC,2013-03-22,chloride,NA,DET,6.9,6.9,1.931521412
WC,2013-03-22,fluoride,NA,DET,0.2,0.2,-1.609437912
WC,2013-03-22,magnesium,NA,DET,15.1,15.1,2.714694744
WC,2013-03-22,nitrate,NA,DET,0.27,0.27,-1.30933332
WC,2013-03-22,nitrite,0.01,BDL,0.01,0.005,-5.298317367
WC,2013-03-22,potassium,NA,DET,1,1,0
WC,2013-03-22,sodium,NA,DET,12.6,12.6,2.533696814
WC,2013-03-22,sulfate,NA,DET,24,24,3.17805383
WC,2013-06-06,turbidity,NA,DET,3.99,3.99,1.383791231
WC,2013-06-06,total_hardness,NA,DET,110,110,4.700480366
WC,2013-06-06,ph,NA,DET,7.8,7.8,2.054123734
WC,2013-06-06,nitrogen_dissolved,NA,DET,0.61,0.61,-0.494296322
WC,2013-06-06,nitrogen_total,NA,DET,0.65,0.65,-0.430782916
WC,2013-06-06,organic_carbon_dissolved,NA,DET,20.1,20.1,3.000719815
WC,2013-06-06,organic_carbon_total,NA,DET,20.8,20.8,3.034952987
WC,2013-06-06,phosphorus_dissolved,NA,DET,0.007,0.007,-4.96184513
WC,2013-06-06,phosphorus_total,NA,DET,0.018,0.018,-4.017383521
WC,2013-06-06,alkalinity_total,NA,DET,83.6,83.6,4.42604352
WC,2013-06-06,specific_conductance,NA,DET,202,202,5.308267697
WC,2013-06-06,total_dissolved_solids,NA,DET,144,144,4.9698133
WC,2013-06-06,total_suspended_solids,NA,DET,4,4,1.386294361
WC,2013-06-06,calcium,NA,DET,34.5,34.5,3.540959324
WC,2013-06-06,chloride,0.7,BDL,0.7,0.35,-1.049822124
WC,2013-06-06,fluoride,0.1,BDL,0.1,0.05,-2.995732274
WC,2013-06-06,magnesium,NA,DET,5.9,5.9,1.774952351
WC,2013-06-06,nitrate,NA,DET,0.1,0.1,-2.302585093
WC,2013-06-06,nitrite,0.01,BDL,0.01,0.005,-5.298317367
WC,2013-06-06,potassium,NA,DET,0.8,0.8,-0.223143551
WC,2013-06-06,sodium,NA,DET,2.8,2.8,1.029619417
WC,2013-06-06,sulfate,NA,DET,16,16,2.772588722
WC,2013-06-06,aluminum_dissolved,NA,DET,5.4,5.4,1.686398954
WC,2013-06-06,antimony_dissolved,0.1,BDL,0.1,0.05,-2.995732274
WC,2013-06-06,arsenic_dissolved,NA,DET,0.4,0.4,-0.916290732
WC,2013-06-06,barium_dissolved,NA,DET,29,29,3.36729583
WC,2013-06-06,cadmium_dissolved,0.05,BDL,0.05,0.025,-3.688879454
WC,2013-06-06,cesium_dissolved,0.1,BDL,0.1,0.05,-2.995732274
WC,2013-06-06,chromium_dissolved,0.1,BDL,0.1,0.05,-2.995732274
WC,2013-06-06,cobalt_dissolved,0.1,BDL,0.1,0.05,-2.995732274
WC,2013-06-06,copper_dissolved,NA,DET,0.5,0.5,-0.693147181
WC,2013-06-06,iron_dissolved,NA,DET,130,130,4.86753445
WC,2013-06-06,lead_dissolved,NA,DET,0.2,0.2,-1.609437912
WC,2013-06-06,lithium_dissolved,NA,DET,2.8,2.8,1.029619417
WC,2013-06-06,manganese_dissolved,NA,DET,1.5,1.5,0.405465108
WC,2013-06-06,mercury_dissolved,0.01,BDL,0.01,0.005,-5.298317367
WC,2013-06-06,molybdenum_dissolved,NA,DET,0.4,0.4,-0.916290732
WC,2013-06-06,nickel_dissolved,NA,DET,0.6,0.6,-0.510825624
WC,2013-06-06,rubidium_dissolved,NA,DET,0.8,0.8,-0.223143551
WC,2013-06-06,selenium_dissolved,0.3,BDL,0.3,0.15,-1.897119985
WC,2013-06-06,silver_dissolved,0.1,BDL,0.1,0.05,-2.995732274
WC,2013-06-06,strontium_dissolved,NA,DET,61,61,4.110873864
WC,2013-06-06,thallium_dissolved,0.1,BDL,0.1,0.05,-2.995732274
WC,2013-06-06,titanium_dissolved,NA,DET,0.2,0.2,-1.609437912
WC,2013-06-06,uranium_dissolved,NA,DET,0.1,0.1,-2.302585093
WC,2013-06-06,vanadium_dissolved,NA,DET,0.2,0.2,-1.609437912
WC,2013-06-06,zinc_dissolved,0.4,BDL,0.4,0.2,-1.609437912
WC,2013-06-06,aluminum_total,NA,DET,75,75,4.317488114
WC,2013-06-06,antimony_total,0.1,BDL,0.1,0.05,-2.995732274
WC,2013-06-06,arsenic_total,NA,DET,0.4,0.4,-0.916290732
WC,2013-06-06,barium_total,NA,DET,28.3,28.3,3.342861805
WC,2013-06-06,beryllium_total,0.1,BDL,0.1,0.05,-2.995732274
WC,2013-06-06,cadmium_total,0.1,BDL,0.1,0.05,-2.995732274
WC,2013-06-06,cesium_total,0.1,BDL,0.1,0.05,-2.995732274
WC,2013-06-06,chromium_total,NA,DET,0.8,0.8,-0.223143551
WC,2013-06-06,cobalt_total,0.1,BDL,0.1,0.05,-2.995732274
WC,2013-06-06,copper_total,NA,DET,0.7,0.7,-0.356674944
WC,2013-06-06,iron_total,NA,DET,297,297,5.693732139
WC,2013-06-06,lead_total,NA,DET,0.1,0.1,-2.302585093
WC,2013-06-06,lithium_total,NA,DET,2.6,2.6,0.955511445
WC,2013-06-06,manganese_total,NA,DET,20.3,20.3,3.010620886
WC,2013-06-06,mercury_total,0.01,BDL,0.01,0.005,-5.298317367
WC,2013-06-06,molybdenum_total,NA,DET,0.5,0.5,-0.693147181
WC,2013-06-06,nickel_total,NA,DET,0.7,0.7,-0.356674944
WC,2013-06-06,rubidium_total,NA,DET,1,1,0
WC,2013-06-06,selenium_total,0.5,BDL,0.5,0.25,-1.386294361
WC,2013-06-06,silver_total,0.1,BDL,0.1,0.05,-2.995732274
WC,2013-06-06,strontium_total,NA,DET,57.8,57.8,4.056988776
WC,2013-06-06,thallium_total,0.1,BDL,0.1,0.05,-2.995732274
WC,2013-06-06,titanium_total,NA,DET,1.3,1.3,0.262364264
WC,2013-06-06,uranium_total,NA,DET,0.1,0.1,-2.302585093
WC,2013-06-06,vanadium_total,NA,DET,0.6,0.6,-0.510825624
WC,2013-06-06,zinc_total,5,BDL,5,2.5,0.916290732
WC,2014-03-20,turbidity,NA,DET,7.38,7.38,1.998773639
WC,2014-03-20,total_hardness,NA,DET,230,230,5.438079309
WC,2014-03-20,ph,NA,DET,7.29,7.29,1.986503546
WC,2014-03-20,nitrogen_dissolved,NA,DET,0.8,0.8,-0.223143551
WC,2014-03-20,nitrogen_total,NA,DET,0.85,0.85,-0.162518929
WC,2014-03-20,organic_carbon_dissolved,NA,DET,13.1,13.1,2.57261223
WC,2014-03-20,organic_carbon_total,NA,DET,11.9,11.9,2.4765384
WC,2014-03-20,phosphorus_dissolved,NA,DET,0.007,0.007,-4.96184513
WC,2014-03-20,phosphorus_total,NA,DET,0.016,0.016,-4.135166557
WC,2014-03-20,alkalinity_total,NA,DET,196,196,5.278114659
WC,2014-03-20,specific_conductance,NA,DET,483,483,6.180016654
WC,2014-03-20,total_dissolved_solids,NA,DET,270,270,5.598421959
WC,2014-03-20,total_suspended_solids,NA,DET,3,3,1.098612289
WC,2014-03-20,calcium,NA,DET,67.4,67.4,4.210645018
WC,2014-03-20,chloride,NA,DET,5.3,5.3,1.667706821
WC,2014-03-20,fluoride,NA,DET,0.1,0.1,-2.302585093
WC,2014-03-20,magnesium,NA,DET,15,15,2.708050201
WC,2014-03-20,nitrate,NA,DET,7.85,7.85,2.060513532
WC,2014-03-20,nitrite,0.01,BDL,0.01,0.005,-5.298317367
WC,2014-03-20,potassium,NA,DET,7.85,7.85,2.060513532
WC,2014-03-20,sodium,NA,DET,10.6,10.6,2.360854001
WC,2014-03-20,sulfate,NA,DET,17,17,2.833213344
WC,2014-03-20,aluminum_dissolved,NA,DET,2.2,2.2,0.78845736
WC,2014-03-20,antimony_dissolved,NA,DET,0.3,0.3,-1.203972804
WC,2014-03-20,arsenic_dissolved,NA,DET,0.3,0.3,-1.203972804
WC,2014-03-20,barium_dissolved,NA,DET,142,142,4.955827058
WC,2014-03-20,beryllium_dissolved,0.1,BDL,0.1,0.05,-2.995732274
WC,2014-03-20,cadmium_dissolved,0.05,BDL,0.05,0.025,-3.688879454
WC,2014-03-20,cesium_dissolved,0.1,BDL,0.1,0.05,-2.995732274
WC,2014-03-20,chromium_dissolved,NA,DET,0.2,0.2,-1.609437912
WC,2014-03-20,cobalt_dissolved,NA,DET,0.1,0.1,-2.302585093
WC,2014-03-20,copper_dissolved,NA,DET,0.5,0.5,-0.693147181
WC,2014-03-20,iron_dissolved,NA,DET,12,12,2.48490665
WC,2014-03-20,lead_dissolved,0.1,BDL,0.1,0.05,-2.995732274
WC,2014-03-20,lithium_dissolved,NA,DET,7.8,7.8,2.054123734
WC,2014-03-20,manganese_dissolved,NA,DET,8.8,8.8,2.174751721
WC,2014-03-20,mercury_dissolved,0.01,BDL,0.01,0.005,-5.298317367
WC,2014-03-20,molybdenum_dissolved,NA,DET,1.1,1.1,0.09531018
WC,2014-03-20,nickel_dissolved,NA,DET,0.8,0.8,-0.223143551
WC,2014-03-20,rubidium_dissolved,NA,DET,0.8,0.8,-0.223143551
WC,2014-03-20,selenium_dissolved,0.3,BDL,0.3,0.15,-1.897119985
WC,2014-03-20,silver_dissolved,0.1,BDL,0.1,0.05,-2.995732274
WC,2014-03-20,strontium_dissolved,NA,DET,143,143,4.96284463
WC,2014-03-20,thallium_dissolved,0.1,BDL,0.1,0.05,-2.995732274
WC,2014-03-20,titanium_dissolved,NA,DET,0.2,0.2,-1.609437912
WC,2014-03-20,uranium_dissolved,NA,DET,0.7,0.7,-0.356674944
WC,2014-03-20,vanadium_dissolved,0.1,BDL,0.1,0.05,-2.995732274
WC,2014-03-20,zinc_dissolved,NA,DET,1,1,0
WC,2014-03-20,aluminum_total,NA,DET,30.5,30.5,3.417726684
WC,2014-03-20,antimony_total,NA,DET,0.6,0.6,-0.510825624
WC,2014-03-20,arsenic_total,NA,DET,0.9,0.9,-0.105360516
WC,2014-03-20,barium_total,NA,DET,153,153,5.030437921
WC,2014-03-20,beryllium_total,0.1,BDL,0.1,0.05,-2.995732274
WC,2014-03-20,cadmium_total,0.1,BDL,0.1,0.05,-2.995732274
WC,2014-03-20,cesium_total,0.1,BDL,0.1,0.05,-2.995732274
WC,2014-03-20,chromium_total,NA,DET,3.5,3.5,1.252762968
WC,2014-03-20,cobalt_total,NA,DET,0.2,0.2,-1.609437912
WC,2014-03-20,copper_total,NA,DET,0.6,0.6,-0.510825624
WC,2014-03-20,iron_total,NA,DET,834,834,6.726233402
WC,2014-03-20,lead_total,NA,DET,10.1,10.1,2.312535424
WC,2014-03-20,lithium_total,NA,DET,8.4,8.4,2.128231706
WC,2014-03-20,manganese_total,NA,DET,19.9,19.9,2.990719732
WC,2014-03-20,mercury_total,0.01,BDL,0.01,0.005,-5.298317367
WC,2014-03-20,molybdenum_total,NA,DET,1.7,1.7,0.530628251
WC,2014-03-20,nickel_total,NA,DET,0.9,0.9,-0.105360516
WC,2014-03-20,rubidium_total,NA,DET,0.9,0.9,-0.105360516
WC,2014-03-20,selenium_total,0.5,BDL,0.5,0.25,-1.386294361
WC,2014-03-20,silver_total,0.1,BDL,0.1,0.05,-2.995732274
WC,2014-03-20,strontium_total,NA,DET,150,150,5.010635294
WC,2014-03-20,thallium_total,0.1,BDL,0.1,0.05,-2.995732274
WC,2014-03-20,titanium_total,NA,DET,0.8,0.8,-0.223143551
WC,2014-03-20,uranium_total,NA,DET,0.8,0.8,-0.223143551
WC,2014-03-20,vanadium_total,0.1,BDL,0.1,0.05,-2.995732274
WC,2014-03-20,zinc_total,NA,DET,7.4,7.4,2.00148
WC,2014-06-10,turbidity,NA,DET,5,5,1.609437912
WC,2014-06-10,total_hardness,NA,DET,104,104,4.644390899
WC,2014-06-10,ph,NA,DET,7.98,7.98,2.076938411
WC,2014-06-10,nitrogen_dissolved,NA,DET,0.44,0.44,-0.820980552
WC,2014-06-10,nitrogen_total,NA,DET,0.49,0.49,-0.713349888
WC,2014-06-10,organic_carbon_dissolved,NA,DET,14.7,14.7,2.687847494
WC,2014-06-10,organic_carbon_total,NA,DET,15.2,15.2,2.721295428
WC,2014-06-10,phosphorus_dissolved,0.002,BDL,0.002,0.001,-6.907755279
WC,2014-06-10,phosphorus_total,NA,DET,0.014,0.014,-4.268697949
WC,2014-06-10,alkalinity_total,NA,DET,92.6,92.6,4.528289142
WC,2014-06-10,specific_conductance,NA,DET,225,225,5.416100402
WC,2014-06-10,total_dissolved_solids,NA,DET,156,156,5.049856007
WC,2014-06-10,total_suspended_solids,NA,DET,10,10,2.302585093
WC,2014-06-10,calcium,NA,DET,30.8,30.8,3.42751469
WC,2014-06-10,chloride,NA,DET,1.8,1.8,0.587786665
WC,2014-06-10,fluoride,0.1,BDL,0.1,0.05,-2.995732274
WC,2014-06-10,magnesium,NA,DET,6.6,6.6,1.887069649
WC,2014-06-10,nitrate,NA,DET,0.1,0.1,-2.302585093
WC,2014-06-10,nitrite,0.01,BDL,0.01,0.005,-5.298317367
WC,2014-06-10,potassium,NA,DET,0.7,0.7,-0.356674944
WC,2014-06-10,sodium,NA,DET,5.8,5.8,1.757857918
WC,2014-06-10,sulfate,NA,DET,20,20,2.995732274
WC,2014-06-10,aluminum_dissolved,NA,DET,19.4,19.4,2.965273066
WC,2014-06-10,antimony_dissolved,0.1,BDL,0.1,0.05,-2.995732274
WC,2014-06-10,arsenic_dissolved,NA,DET,0.4,0.4,-0.916290732
WC,2014-06-10,barium_dissolved,NA,DET,52,52,3.951243719
WC,2014-06-10,beryllium_dissolved,0.1,BDL,0.1,0.05,-2.995732274
WC,2014-06-10,cadmium_dissolved,0.05,BDL,0.05,0.025,-3.688879454
WC,2014-06-10,cesium_dissolved,0.1,BDL,0.1,0.05,-2.995732274
WC,2014-06-10,chromium_dissolved,0.1,BDL,0.1,0.05,-2.995732274
WC,2014-06-10,cobalt_dissolved,0.1,BDL,0.1,0.05,-2.995732274
WC,2014-06-10,copper_dissolved,0.2,BDL,0.2,0.1,-2.302585093
WC,2014-06-10,iron_dissolved,NA,DET,392,392,5.97126184
WC,2014-06-10,lead_dissolved,0.1,BDL,0.1,0.05,-2.995732274
WC,2014-06-10,lithium_dissolved,NA,DET,4.4,4.4,1.481604541
WC,2014-06-10,manganese_dissolved,NA,DET,15.5,15.5,2.740840024
WC,2014-06-10,mercury_dissolved,0.01,BDL,0.01,0.005,-5.298317367
WC,2014-06-10,molybdenum_dissolved,NA,DET,0.7,0.7,-0.356674944
WC,2014-06-10,nickel_dissolved,NA,DET,0.9,0.9,-0.105360516
WC,2014-06-10,rubidium_dissolved,NA,DET,0.5,0.5,-0.693147181
WC,2014-06-10,selenium_dissolved,0.3,BDL,0.3,0.15,-1.897119985
WC,2014-06-10,silver_dissolved,0.1,BDL,0.1,0.05,-2.995732274
WC,2014-06-10,strontium_dissolved,NA,DET,64.6,64.6,4.168214411
WC,2014-06-10,thallium_dissolved,0.1,BDL,0.1,0.05,-2.995732274
WC,2014-06-10,titanium_dissolved,NA,DET,0.2,0.2,-1.609437912
WC,2014-06-10,uranium_dissolved,NA,DET,0.3,0.3,-1.203972804
WC,2014-06-10,vanadium_dissolved,NA,DET,0.2,0.2,-1.609437912
WC,2014-06-10,zinc_dissolved,0.4,BDL,0.4,0.2,-1.609437912
WC,2014-06-10,aluminum_total,NA,DET,61.4,61.4,4.117409835
WC,2014-06-10,antimony_total,NA,DET,0.1,0.1,-2.302585093
WC,2014-06-10,arsenic_total,NA,DET,0.5,0.5,-0.693147181
WC,2014-06-10,barium_total,NA,DET,56.3,56.3,4.030694535
WC,2014-06-10,beryllium_total,0.1,BDL,0.1,0.05,-2.995732274
WC,2014-06-10,cadmium_total,0.1,BDL,0.1,0.05,-2.995732274
WC,2014-06-10,cesium_total,0.1,BDL,0.1,0.05,-2.995732274
WC,2014-06-10,chromium_total,NA,DET,0.6,0.6,-0.510825624
WC,2014-06-10,cobalt_total,0.1,BDL,0.1,0.05,-2.995732274
WC,2014-06-10,copper_total,NA,DET,0.2,0.2,-1.609437912
WC,2014-06-10,iron_total,NA,DET,438,438,6.08221891
WC,2014-06-10,lead_total,0.1,BDL,0.1,0.05,-2.995732274
WC,2014-06-10,lithium_total,NA,DET,5.1,5.1,1.62924054
WC,2014-06-10,manganese_total,NA,DET,12.1,12.1,2.493205453
WC,2014-06-10,mercury_total,0.01,BDL,0.01,0.005,-5.298317367
WC,2014-06-10,molybdenum_total,NA,DET,0.8,0.8,-0.223143551
WC,2014-06-10,nickel_total,NA,DET,1,1,0
WC,2014-06-10,rubidium_total,NA,DET,0.6,0.6,-0.510825624
WC,2014-06-10,selenium_total,0.5,BDL,0.5,0.25,-1.386294361
WC,2014-06-10,silver_total,0.1,BDL,0.1,0.05,-2.995732274
WC,2014-06-10,strontium_total,NA,DET,70.6,70.6,4.257030144
WC,2014-06-10,thallium_total,0.1,BDL,0.1,0.05,-2.995732274
WC,2014-06-10,titanium_total,NA,DET,0.9,0.9,-0.105360516
WC,2014-06-10,uranium_total,NA,DET,0.4,0.4,-0.916290732
WC,2014-06-10,vanadium_total,NA,DET,0.3,0.3,-1.203972804
WC,2014-06-10,zinc_total,5,BDL,5,2.5,0.916290732
WC,2014-08-27,turbidity,NA,DET,5.853,5.853,1.76695435
WC,2014-08-27,total_hardness,NA,DET,149,149,5.003946306
WC,2014-08-27,ph,NA,DET,7.95,7.95,2.073171929
WC,2014-08-27,ammonia,NA,DET,0.016,0.016,-4.135166557
WC,2014-08-27,nitrogen_dissolved,NA,DET,0.62,0.62,-0.478035801
WC,2014-08-27,nitrogen_total,NA,DET,0.61,0.61,-0.494296322
WC,2014-08-27,organic_carbon_dissolved,NA,DET,21.9,21.9,3.086486637
WC,2014-08-27,organic_carbon_total,NA,DET,21.7,21.7,3.077312261
WC,2014-08-27,phosphorus_dissolved,0.002,BDL,0.002,0.001,-6.907755279
WC,2014-08-27,phosphorus_total,NA,DET,0.017,0.017,-4.074541935
WC,2014-08-27,alkalinity_total,NA,DET,125,125,4.828313737
WC,2014-08-27,specific_conductance,NA,DET,289,289,5.666426688
WC,2014-08-27,total_dissolved_solids,NA,DET,204,204,5.318119994
WC,2014-08-27,total_suspended_solids,NA,DET,6,6,1.791759469
WC,2014-08-27,calcium,NA,DET,44.6,44.6,3.797733859
WC,2014-08-27,chloride,NA,DET,2.8,2.8,1.029619417
WC,2014-08-27,fluoride,0.1,BDL,0.1,0.05,-2.995732274
WC,2014-08-27,magnesium,NA,DET,9.2,9.2,2.219203484
WC,2014-08-27,nitrate,NA,DET,0.08,0.08,-2.525728644
WC,2014-08-27,nitrite,0.01,BDL,0.01,0.005,-5.298317367
WC,2014-08-27,potassium,NA,DET,0.4,0.4,-0.916290732
WC,2014-08-27,sodium,NA,DET,8.4,8.4,2.128231706
WC,2014-08-27,sulfate,NA,DET,24,24,3.17805383
WC,2014-08-27,aluminum_dissolved,NA,DET,6.2,6.2,1.824549292
WC,2014-08-27,antimony_dissolved,0.1,BDL,0.1,0.05,-2.995732274
WC,2014-08-27,arsenic_dissolved,NA,DET,0.4,0.4,-0.916290732
WC,2014-08-27,barium_dissolved,NA,DET,60.4,60.4,4.100989105
WC,2014-08-27,beryllium_dissolved,0.1,BDL,0.1,0.05,-2.995732274
WC,2014-08-27,cadmium_dissolved,0.05,BDL,0.05,0.025,-3.688879454
WC,2014-08-27,cesium_dissolved,0.1,BDL,0.1,0.05,-2.995732274
WC,2014-08-27,chromium_dissolved,0.1,BDL,0.1,0.05,-2.995732274
WC,2014-08-27,cobalt_dissolved,0.1,BDL,0.1,0.05,-2.995732274
WC,2014-08-27,copper_dissolved,NA,DET,1.1,1.1,0.09531018
WC,2014-08-27,iron_dissolved,NA,DET,203,203,5.313205979
WC,2014-08-27,lead_dissolved,0.1,BDL,0.1,0.05,-2.995732274
WC,2014-08-27,lithium_dissolved,NA,DET,6.4,6.4,1.85629799
WC,2014-08-27,manganese_dissolved,NA,DET,14.2,14.2,2.653241965
WC,2014-08-27,mercury_dissolved,0.01,BDL,0.01,0.005,-5.298317367
WC,2014-08-27,molybdenum_dissolved,NA,DET,0.7,0.7,-0.356674944
WC,2014-08-27,nickel_dissolved,NA,DET,1.2,1.2,0.182321557
WC,2014-08-27,rubidium_dissolved,NA,DET,0.5,0.5,-0.693147181
WC,2014-08-27,selenium_dissolved,0.3,BDL,0.3,0.15,-1.897119985
WC,2014-08-27,silver_dissolved,0.1,BDL,0.1,0.05,-2.995732274
WC,2014-08-27,strontium_dissolved,NA,DET,89.8,89.8,4.497584975
WC,2014-08-27,thallium_dissolved,0.1,BDL,0.1,0.05,-2.995732274
WC,2014-08-27,titanium_dissolved,NA,DET,0.2,0.2,-1.609437912
WC,2014-08-27,uranium_dissolved,NA,DET,0.3,0.3,-1.203972804
WC,2014-08-27,vanadium_dissolved,NA,DET,0.2,0.2,-1.609437912
WC,2014-08-27,zinc_dissolved,NA,DET,0.9,0.9,-0.105360516
WC,2014-08-27,aluminum_total,NA,DET,71.8,71.8,4.273884476
WC,2014-08-27,antimony_total,0.1,BDL,0.1,0.05,-2.995732274
WC,2014-08-27,arsenic_total,NA,DET,0.7,0.7,-0.356674944
WC,2014-08-27,barium_total,NA,DET,65.8,65.8,4.186619838
WC,2014-08-27,beryllium_total,0.1,BDL,0.1,0.05,-2.995732274
WC,2014-08-27,cadmium_total,0.1,BDL,0.1,0.05,-2.995732274
WC,2014-08-27,cesium_total,0.1,BDL,0.1,0.05,-2.995732274
WC,2014-08-27,chromium_total,NA,DET,0.1,0.1,-2.302585093
WC,2014-08-27,cobalt_total,NA,DET,0.1,0.1,-2.302585093
WC,2014-08-27,copper_total,NA,DET,0.4,0.4,-0.916290732
WC,2014-08-27,iron_total,NA,DET,678,678,6.519147288
WC,2014-08-27,lead_total,NA,DET,0.2,0.2,-1.609437912
WC,2014-08-27,lithium_total,NA,DET,6.9,6.9,1.931521412
WC,2014-08-27,manganese_total,NA,DET,35,35,3.555348061
WC,2014-08-27,mercury_total,0.01,BDL,0.01,0.005,-5.298317367
WC,2014-08-27,molybdenum_total,NA,DET,0.7,0.7,-0.356674944
WC,2014-08-27,nickel_total,NA,DET,1.3,1.3,0.262364264
WC,2014-08-27,rubidium_total,NA,DET,0.7,0.7,-0.356674944
WC,2014-08-27,selenium_total,0.5,BDL,0.5,0.25,-1.386294361
WC,2014-08-27,silver_total,0.1,BDL,0.1,0.05,-2.995732274
WC,2014-08-27,strontium_total,NA,DET,94.5,94.5,4.548599834
WC,2014-08-27,thallium_total,0.1,BDL,0.1,0.05,-2.995732274
WC,2014-08-27,titanium_total,NA,DET,1.1,1.1,0.09531018
WC,2014-08-27,uranium_total,NA,DET,0.4,0.4,-0.916290732
WC,2014-08-27,vanadium_total,NA,DET,0.4,0.4,-0.916290732
WC,2014-08-27,zinc_total,5,BDL,5,2.5,0.916290732
WC,2015-04-08,turbidity,NA,DET,9.16,9.16,2.214846179
WC,2015-04-08,ph,NA,DET,7.7,7.7,2.041220329
WC,2015-04-08,nitrogen_dissolved,NA,DET,0.68,0.68,-0.385662481
WC,2015-04-08,nitrogen_total,NA,DET,0.81,0.81,-0.210721031
WC,2015-04-08,organic_carbon_dissolved,NA,DET,13.4,13.4,2.595254707
WC,2015-04-08,organic_carbon_total,NA,DET,13.7,13.7,2.617395833
WC,2015-04-08,phosphorus_dissolved,0.002,BDL,0.002,0.001,-6.907755279
WC,2015-04-08,phosphorus_total,NA,DET,0.011,0.011,-4.509860006
WC,2015-04-08,alkalinity_total,NA,DET,251,251,5.525452939
WC,2015-04-08,specific_conductance,NA,DET,502,502,6.21860012
WC,2015-04-08,total_dissolved_solids,NA,DET,301,301,5.707110265
WC,2015-04-08,total_suspended_solids,NA,DET,6,6,1.791759469
WC,2015-04-08,calcium,NA,DET,77,77,4.343805422
WC,2015-04-08,chloride,NA,DET,7,7,1.945910149
WC,2015-04-08,fluoride,NA,DET,0.2,0.2,-1.609437912
WC,2015-04-08,magnesium,NA,DET,17.2,17.2,2.844909384
WC,2015-04-08,nitrate,NA,DET,0.25,0.25,-1.386294361
WC,2015-04-08,nitrite,0.01,BDL,0.01,0.005,-5.298317367
WC,2015-04-08,potassium,NA,DET,1.2,1.2,0.182321557
WC,2015-04-08,sodium,NA,DET,12,12,2.48490665
WC,2015-04-08,sulfate,NA,DET,17,17,2.833213344
WC,2015-04-08,aluminum_dissolved,NA,DET,0.8,0.8,-0.223143551
WC,2015-04-08,antimony_dissolved,NA,DET,0.2,0.2,-1.609437912
WC,2015-04-08,arsenic_dissolved,NA,DET,0.3,0.3,-1.203972804
WC,2015-04-08,barium_dissolved,NA,DET,156,156,5.049856007
WC,2015-04-08,beryllium_dissolved,0.1,BDL,0.1,0.05,-2.995732274
WC,2015-04-08,cadmium_dissolved,NA,DET,0.09,0.09,-2.407945609
WC,2015-04-08,cesium_dissolved,0.1,BDL,0.1,0.05,-2.995732274
WC,2015-04-08,chromium_dissolved,0.1,BDL,0.1,0.05,-2.995732274
WC,2015-04-08,cobalt_dissolved,0.1,BDL,0.1,0.05,-2.995732274
WC,2015-04-08,copper_dissolved,NA,DET,0.7,0.7,-0.356674944
WC,2015-04-08,iron_dissolved,NA,DET,11,11,2.397895273
WC,2015-04-08,lead_dissolved,NA,DET,0.2,0.2,-1.609437912
WC,2015-04-08,lithium_dissolved,NA,DET,8,8,2.079441542
WC,2015-04-08,manganese_dissolved,NA,DET,11.6,11.6,2.451005098
WC,2015-04-08,molybdenum_dissolved,NA,DET,1.1,1.1,0.09531018
WC,2015-04-08,nickel_dissolved,NA,DET,0.8,0.8,-0.223143551
WC,2015-04-08,rubidium_dissolved,NA,DET,0.8,0.8,-0.223143551
WC,2015-04-08,selenium_dissolved,0.3,BDL,0.3,0.15,-1.897119985
WC,2015-04-08,silver_dissolved,0.1,BDL,0.1,0.05,-2.995732274
WC,2015-04-08,strontium_dissolved,NA,DET,138,138,4.927253685
WC,2015-04-08,thallium_dissolved,0.1,BDL,0.1,0.05,-2.995732274
WC,2015-04-08,titanium_dissolved,0.1,BDL,0.1,0.05,-2.995732274
WC,2015-04-08,uranium_dissolved,NA,DET,0.7,0.7,-0.356674944
WC,2015-04-08,vanadium_dissolved,0.1,BDL,0.1,0.05,-2.995732274
WC,2015-04-08,zinc_dissolved,NA,DET,45.8,45.8,3.824284091
WC,2015-04-08,aluminum_total,NA,DET,36.9,36.9,3.608211551
WC,2015-04-08,antimony_total,0.1,BDL,0.1,0.05,-2.995732274
WC,2015-04-08,arsenic_total,NA,DET,0.4,0.4,-0.916290732
WC,2015-04-08,barium_total,NA,DET,169,169,5.129898715
WC,2015-04-08,beryllium_total,0.1,BDL,0.1,0.05,-2.995732274
WC,2015-04-08,cadmium_total,0.1,BDL,0.1,0.05,-2.995732274
WC,2015-04-08,cesium_total,0.1,BDL,0.1,0.05,-2.995732274
WC,2015-04-08,chromium_total,NA,DET,0.5,0.5,-0.693147181
WC,2015-04-08,cobalt_total,0.1,BDL,0.1,0.05,-2.995732274
WC,2015-04-08,copper_total,NA,DET,2.6,2.6,0.955511445
WC,2015-04-08,iron_total,NA,DET,692,692,6.539585956
WC,2015-04-08,lead_total,NA,DET,0.4,0.4,-0.916290732
WC,2015-04-08,lithium_total,NA,DET,8.6,8.6,2.151762203
WC,2015-04-08,manganese_total,NA,DET,20.1,20.1,3.000719815
WC,2015-04-08,molybdenum_total,NA,DET,1.1,1.1,0.09531018
WC,2015-04-08,nickel_total,NA,DET,0.9,0.9,-0.105360516
WC,2015-04-08,rubidium_total,NA,DET,0.8,0.8,-0.223143551
WC,2015-04-08,selenium_total,0.5,BDL,0.5,0.25,-1.386294361
WC,2015-04-08,silver_total,NA,DET,0.2,0.2,-1.609437912
WC,2015-04-08,strontium_total,NA,DET,144,144,4.9698133
WC,2015-04-08,thallium_total,NA,DET,0.3,0.3,-1.203972804
WC,2015-04-08,titanium_total,NA,DET,0.9,0.9,-0.105360516
WC,2015-04-08,uranium_total,NA,DET,0.7,0.7,-0.356674944
WC,2015-04-08,vanadium_total,NA,DET,0.2,0.2,-1.609437912
WC,2015-04-08,zinc_total,NA,DET,60.3,60.3,4.099332104
WC,2016-03-11,total_hardness,NA,DET,235,235,5.459585514
WC,2016-03-11,ph,NA,DET,7.79,7.79,2.05284086
WC,2016-03-11,ammonia,NA,DET,0.039,0.039,-3.244193633
WC,2016-03-11,nitrogen_dissolved,NA,DET,0.51,0.51,-0.673344553
WC,2016-03-11,nitrogen_total,NA,DET,0.51,0.51,-0.673344553
WC,2016-03-11,organic_carbon_dissolved,NA,DET,12.4,12.4,2.517696473
WC,2016-03-11,phosphorus_dissolved,0.002,BDL,0.002,0.001,-6.907755279
WC,2016-03-11,phosphorus_total,NA,DET,0.008,0.008,-4.828313737
WC,2016-03-11,alkalinity_total,NA,DET,218,218,5.384495063
WC,2016-03-11,specific_conductance,NA,DET,448,448,6.104793232
WC,2016-03-11,total_dissolved_solids,NA,DET,260,260,5.560681631
WC,2016-03-11,total_suspended_solids,NA,DET,3,3,1.098612289
WC,2016-03-11,calcium,NA,DET,68.8,68.8,4.231203745
WC,2016-03-11,chloride,NA,DET,4.9,4.9,1.589235205
WC,2016-03-11,fluoride,NA,DET,0.1,0.1,-2.302585093
WC,2016-03-11,magnesium,NA,DET,15.3,15.3,2.727852828
WC,2016-03-11,nitrate,NA,DET,0.42,0.42,-0.867500568
WC,2016-03-11,nitrite,0.01,BDL,0.01,0.005,-5.298317367
WC,2016-03-11,potassium,NA,DET,1,1,0
WC,2016-03-11,sodium,NA,DET,10.5,10.5,2.351375257
WC,2016-03-11,sulfate,NA,DET,22,22,3.091042453
WC,2016-03-11,chlorophyll_a,NA,DET,0.081,0.081,-2.513306124
WC,2016-03-11,aluminum_dissolved,NA,DET,3.6,3.6,1.280933845
WC,2016-03-11,antimony_dissolved,0.1,BDL,0.1,0.05,-2.995732274
WC,2016-03-11,arsenic_dissolved,NA,DET,0.3,0.3,-1.203972804
WC,2016-03-11,barium_dissolved,NA,DET,143,143,4.96284463
WC,2016-03-11,beryllium_dissolved,0.1,BDL,0.1,0.05,-2.995732274
WC,2016-03-11,cadmium_dissolved,0.05,BDL,0.05,0.025,-3.688879454
WC,2016-03-11,cesium_dissolved,0.1,BDL,0.1,0.05,-2.995732274
WC,2016-03-11,chromium_dissolved,0.1,BDL,0.1,0.05,-2.995732274
WC,2016-03-11,cobalt_dissolved,0.1,BDL,0.1,0.05,-2.995732274
WC,2016-03-11,copper_dissolved,NA,DET,0.4,0.4,-0.916290732
WC,2016-03-11,iron_dissolved,NA,DET,12,12,2.48490665
WC,2016-03-11,lead_dissolved,0.1,BDL,0.1,0.05,-2.995732274
WC,2016-03-11,lithium_dissolved,NA,DET,6.8,6.8,1.916922612
WC,2016-03-11,manganese_dissolved,NA,DET,11,11,2.397895273
WC,2016-03-11,molybdenum_dissolved,NA,DET,0.9,0.9,-0.105360516
WC,2016-03-11,nickel_dissolved,NA,DET,0.8,0.8,-0.223143551
WC,2016-03-11,rubidium_dissolved,NA,DET,0.6,0.6,-0.510825624
WC,2016-03-11,selenium_dissolved,0.3,BDL,0.3,0.15,-1.897119985
WC,2016-03-11,silver_dissolved,0.1,BDL,0.1,0.05,-2.995732274
WC,2016-03-11,strontium_dissolved,NA,DET,130,130,4.86753445
WC,2016-03-11,thallium_dissolved,0.1,BDL,0.1,0.05,-2.995732274
WC,2016-03-11,titanium_dissolved,0.1,BDL,0.1,0.05,-2.995732274
WC,2016-03-11,uranium_dissolved,NA,DET,0.7,0.7,-0.356674944
WC,2016-03-11,vanadium_dissolved,0.1,BDL,0.1,0.05,-2.995732274
WC,2016-03-11,zinc_dissolved,NA,DET,0.6,0.6,-0.510825624
WC,2016-03-11,aluminum_total,NA,DET,51.7,51.7,3.945457782
WC,2016-03-11,antimony_total,0.1,BDL,0.1,0.05,-2.995732274
WC,2016-03-11,arsenic_total,NA,DET,0.4,0.4,-0.916290732
WC,2016-03-11,barium_total,NA,DET,156,156,5.049856007
WC,2016-03-11,beryllium_total,0.1,BDL,0.1,0.05,-2.995732274
WC,2016-03-11,cadmium_total,0.1,BDL,0.1,0.05,-2.995732274
WC,2016-03-11,cesium_total,0.1,BDL,0.1,0.05,-2.995732274
WC,2016-03-11,chromium_total,NA,DET,0.1,0.1,-2.302585093
WC,2016-03-11,cobalt_total,NA,DET,0.1,0.1,-2.302585093
WC,2016-03-11,copper_total,NA,DET,0.5,0.5,-0.693147181
WC,2016-03-11,iron_total,NA,DET,896,896,6.797940413
WC,2016-03-11,lead_total,0.1,BDL,0.1,0.05,-2.995732274
WC,2016-03-11,lithium_total,NA,DET,7.1,7.1,1.960094784
WC,2016-03-11,manganese_total,NA,DET,23.4,23.4,3.152736022
WC,2016-03-11,methylmercury_total,NA,DET,1,1,0
WC,2016-03-11,molybdenum_total,NA,DET,0.9,0.9,-0.105360516
WC,2016-03-11,nickel_total,NA,DET,0.7,0.7,-0.356674944
WC,2016-03-11,rubidium_total,0.5,BDL,0.5,0.25,-1.386294361
WC,2016-03-11,selenium_total,0.1,BDL,0.1,0.05,-2.995732274
WC,2016-03-11,silver_total,NA,DET,138,138,4.927253685
WC,2016-03-11,strontium_total,0.1,BDL,0.1,0.05,-2.995732274
WC,2016-03-11,thallium_total,NA,DET,1.1,1.1,0.09531018
WC,2016-03-11,titanium_total,NA,DET,0.7,0.7,-0.356674944
WC,2016-03-11,uranium_total,NA,DET,0.3,0.3,-1.203972804
WC,2016-03-11,vanadium_total,5,BDL,5,2.5,0.916290732
WC,2016-04-27,turbidity,NA,DET,4.47,4.47,1.497388409
WC,2016-04-27,total_hardness,NA,DET,81.6,81.6,4.401829262
WC,2016-04-27,ph,NA,DET,7.68,7.68,2.038619547
WC,2016-04-27,nitrogen_dissolved,NA,DET,0.37,0.37,-0.994252273
WC,2016-04-27,nitrogen_total,NA,DET,0.45,0.45,-0.798507696
WC,2016-04-27,organic_carbon_dissolved,NA,DET,6.6,6.6,1.887069649
WC,2016-04-27,organic_carbon_total,NA,DET,7.1,7.1,1.960094784
WC,2016-04-27,phosphorus_dissolved,NA,DET,0.012,0.012,-4.422848629
WC,2016-04-27,phosphorus_total,NA,DET,0.046,0.046,-3.079113882
WC,2016-04-27,alkalinity_total,NA,DET,74.6,74.6,4.312140507
WC,2016-04-27,specific_conductance,NA,DET,177,177,5.176149733
WC,2016-04-27,total_dissolved_solids,NA,DET,108,108,4.682131227
WC,2016-04-27,total_suspended_solids,NA,DET,5,5,1.609437912
WC,2016-04-27,calcium,NA,DET,23.6,23.6,3.161246712
WC,2016-04-27,chloride,NA,DET,3.1,3.1,1.131402111
WC,2016-04-27,fluoride,0.1,BDL,0.1,0.05,-2.995732274
WC,2016-04-27,magnesium,NA,DET,5.5,5.5,1.704748092
WC,2016-04-27,nitrate,NA,DET,0.12,0.12,-2.120263536
WC,2016-04-27,nitrite,0.01,BDL,0.01,0.005,-5.298317367
WC,2016-04-27,potassium,NA,DET,1.5,1.5,0.405465108
WC,2016-04-27,sodium,NA,DET,5.1,5.1,1.62924054
WC,2016-04-27,sulfate,NA,DET,10,10,2.302585093
WC,2016-04-27,chlorophyll_a,NA,DET,0.91,0.91,-0.094310679
WC,2016-04-27,aluminum_dissolved,NA,DET,2.1,2.1,0.741937345
WC,2016-04-27,antimony_dissolved,0.1,BDL,0.1,0.05,-2.995732274
WC,2016-04-27,arsenic_dissolved,0.2,BDL,0.2,0.1,-2.302585093
WC,2016-04-27,barium_dissolved,NA,DET,52.9,52.9,3.968403339
WC,2016-04-27,beryllium_dissolved,0.1,BDL,0.1,0.05,-2.995732274
WC,2016-04-27,cadmium_dissolved,0.05,BDL,0.05,0.025,-3.688879454
WC,2016-04-27,cesium_dissolved,0.1,BDL,0.1,0.05,-2.995732274
WC,2016-04-27,chromium_dissolved,0.1,BDL,0.1,0.05,-2.995732274
WC,2016-04-27,cobalt_dissolved,0.1,BDL,0.1,0.05,-2.995732274
WC,2016-04-27,copper_dissolved,NA,DET,0.3,0.3,-1.203972804
WC,2016-04-27,iron_dissolved,NA,DET,128,128,4.852030264
WC,2016-04-27,lead_dissolved,0.1,BDL,0.1,0.05,-2.995732274
WC,2016-04-27,lithium_dissolved,NA,DET,3.3,3.3,1.193922468
WC,2016-04-27,manganese_dissolved,NA,DET,67.3,67.3,4.209160237
WC,2016-04-27,mercury_dissolved,0.01,BDL,0.01,0.005,-5.298317367
WC,2016-04-27,molybdenum_dissolved,NA,DET,0.4,0.4,-0.916290732
WC,2016-04-27,nickel_dissolved,NA,DET,0.4,0.4,-0.916290732
WC,2016-04-27,rubidium_dissolved,NA,DET,3.2,3.2,1.16315081
WC,2016-04-27,selenium_dissolved,0.3,BDL,0.3,0.15,-1.897119985
WC,2016-04-27,silver_dissolved,0.1,BDL,0.1,0.05,-2.995732274
WC,2016-04-27,strontium_dissolved,NA,DET,52.7,52.7,3.964615456
WC,2016-04-27,thallium_dissolved,0.1,BDL,0.1,0.05,-2.995732274
WC,2016-04-27,titanium_dissolved,0.1,BDL,0.1,0.05,-2.995732274
WC,2016-04-27,uranium_dissolved,NA,DET,0.2,0.2,-1.609437912
WC,2016-04-27,vanadium_dissolved,0.1,BDL,0.1,0.05,-2.995732274
WC,2016-04-27,zinc_dissolved,NA,DET,1.1,1.1,0.09531018
WC,2016-04-27,aluminum_total,NA,DET,47.9,47.9,3.869115504
WC,2016-04-27,antimony_total,0.1,BDL,0.1,0.05,-2.995732274
WC,2016-04-27,arsenic_total,NA,DET,0.3,0.3,-1.203972804
WC,2016-04-27,barium_total,NA,DET,56.1,56.1,4.027135813
WC,2016-04-27,beryllium_total,0.1,BDL,0.1,0.05,-2.995732274
WC,2016-04-27,cadmium_total,0.1,BDL,0.1,0.05,-2.995732274
WC,2016-04-27,cesium_total,0.1,BDL,0.1,0.05,-2.995732274
WC,2016-04-27,chromium_total,NA,DET,0.3,0.3,-1.203972804
WC,2016-04-27,cobalt_total,NA,DET,0.1,0.1,-2.302585093
WC,2016-04-27,copper_total,NA,DET,0.3,0.3,-1.203972804
WC,2016-04-27,iron_total,NA,DET,676,676,6.516193076
WC,2016-04-27,lead_total,0.1,BDL,0.1,0.05,-2.995732274
WC,2016-04-27,lithium_total,NA,DET,3.2,3.2,1.16315081
WC,2016-04-27,manganese_total,NA,DET,73.4,73.4,4.295923936
WC,2016-04-27,mercury_total,0.01,BDL,0.01,0.005,-5.298317367
WC,2016-04-27,molybdenum_total,NA,DET,0.5,0.5,-0.693147181
WC,2016-04-27,nickel_total,NA,DET,0.5,0.5,-0.693147181
WC,2016-04-27,rubidium_total,NA,DET,3.4,3.4,1.223775432
WC,2016-04-27,selenium_total,0.5,BDL,0.5,0.25,-1.386294361
WC,2016-04-27,silver_total,0.1,BDL,0.1,0.05,-2.995732274
WC,2016-04-27,strontium_total,NA,DET,53.6,53.6,3.981549068
WC,2016-04-27,thallium_total,0.1,BDL,0.1,0.05,-2.995732274
WC,2016-04-27,titanium_total,NA,DET,1,1,0
WC,2016-04-27,uranium_total,NA,DET,0.2,0.2,-1.609437912
WC,2016-04-27,vanadium_total,NA,DET,0.2,0.2,-1.609437912
WC,2016-04-27,zinc_total,5,BDL,5,2.5,0.916290732
WC,2016-06-13,total_hardness,NA,DET,117,117,4.762173935
WC,2016-06-13,ph,NA,DET,7.82,7.82,2.056684555
WC,2016-06-13,ammonia,0.005,BDL,0.005,0.0025,-5.991464547
WC,2016-06-13,nitrogen_dissolved,NA,DET,0.44,0.44,-0.820980552
WC,2016-06-13,nitrogen_total,NA,DET,0.46,0.46,-0.776528789
WC,2016-06-13,organic_carbon_dissolved,NA,DET,16.1,16.1,2.778819272
WC,2016-06-13,phosphorus_dissolved,0.002,BDL,0.002,0.001,-6.907755279
WC,2016-06-13,phosphorus_total,NA,DET,0.011,0.011,-4.509860006
WC,2016-06-13,alkalinity_total,NA,DET,89.5,89.5,4.494238625
WC,2016-06-13,specific_conductance,NA,DET,218,218,5.384495063
WC,2016-06-13,total_dissolved_solids,NA,DET,134,134,4.8978398
WC,2016-06-13,total_suspended_solids,NA,DET,9,9,2.197224577
WC,2016-06-13,calcium,NA,DET,33.4,33.4,3.5085559
WC,2016-06-13,chloride,NA,DET,1.6,1.6,0.470003629
WC,2016-06-13,fluoride,0.1,BDL,0.1,0.05,-2.995732274
WC,2016-06-13,magnesium,NA,DET,8.2,8.2,2.104134154
WC,2016-06-13,nitrate,NA,DET,0.11,0.11,-2.207274913
WC,2016-06-13,nitrite,0.01,BDL,0.01,0.005,-5.298317367
WC,2016-06-13,potassium,NA,DET,0.4,0.4,-0.916290732
WC,2016-06-13,sodium,NA,DET,6.7,6.7,1.902107526
WC,2016-06-13,sulfate,NA,DET,27,27,3.295836866
WC,2016-06-13,chlorophyll_a,NA,DET,0.5,0.5,-0.693147181
WC,2016-06-13,aluminum_dissolved,NA,DET,8.5,8.5,2.140066163
WC,2016-06-13,antimony_dissolved,0.1,BDL,0.1,0.05,-2.995732274
WC,2016-06-13,arsenic_dissolved,NA,DET,0.5,0.5,-0.693147181
WC,2016-06-13,barium_dissolved,NA,DET,50.3,50.3,3.918005077
WC,2016-06-13,beryllium_dissolved,0.1,BDL,0.1,0.05,-2.995732274
WC,2016-06-13,cadmium_dissolved,0.05,BDL,0.05,0.025,-3.688879454
WC,2016-06-13,cesium_dissolved,0.1,BDL,0.1,0.05,-2.995732274
WC,2016-06-13,chromium_dissolved,0.1,BDL,0.1,0.05,-2.995732274
WC,2016-06-13,cobalt_dissolved,0.1,BDL,0.1,0.05,-2.995732274
WC,2016-06-13,copper_dissolved,NA,DET,0.4,0.4,-0.916290732
WC,2016-06-13,iron_dissolved,NA,DET,138,138,4.927253685
WC,2016-06-13,lead_dissolved,0.1,BDL,0.1,0.05,-2.995732274
WC,2016-06-13,lithium_dissolved,NA,DET,5.1,5.1,1.62924054
WC,2016-06-13,manganese_dissolved,NA,DET,14.2,14.2,2.653241965
WC,2016-06-13,molybdenum_dissolved,NA,DET,0.6,0.6,-0.510825624
WC,2016-06-13,nickel_dissolved,NA,DET,1.1,1.1,0.09531018
WC,2016-06-13,rubidium_dissolved,NA,DET,0.3,0.3,-1.203972804
WC,2016-06-13,selenium_dissolved,0.3,BDL,0.3,0.15,-1.897119985
WC,2016-06-13,silver_dissolved,0.1,BDL,0.1,0.05,-2.995732274
WC,2016-06-13,strontium_dissolved,NA,DET,67.8,67.8,4.216562195
WC,2016-06-13,thallium_dissolved,0.1,BDL,0.1,0.05,-2.995732274
WC,2016-06-13,titanium_dissolved,NA,DET,0.1,0.1,-2.302585093
WC,2016-06-13,uranium_dissolved,NA,DET,0.2,0.2,-1.609437912
WC,2016-06-13,vanadium_dissolved,NA,DET,0.2,0.2,-1.609437912
WC,2016-06-13,zinc_dissolved,0.4,BDL,0.4,0.2,-1.609437912
WC,2016-06-13,aluminum_total,NA,DET,288,288,5.66296048
WC,2016-06-13,antimony_total,0.1,BDL,0.1,0.05,-2.995732274
WC,2016-06-13,arsenic_total,NA,DET,0.4,0.4,-0.916290732
WC,2016-06-13,barium_total,NA,DET,53,53,3.970291914
WC,2016-06-13,beryllium_total,0.1,BDL,0.1,0.05,-2.995732274
WC,2016-06-13,cadmium_total,0.1,BDL,0.1,0.05,-2.995732274
WC,2016-06-13,cesium_total,0.1,BDL,0.1,0.05,-2.995732274
WC,2016-06-13,chromium_total,NA,DET,0.4,0.4,-0.916290732
WC,2016-06-13,cobalt_total,NA,DET,0.2,0.2,-1.609437912
WC,2016-06-13,copper_total,NA,DET,0.7,0.7,-0.356674944
WC,2016-06-13,iron_total,NA,DET,475,475,6.163314804
WC,2016-06-13,lead_total,NA,DET,0.1,0.1,-2.302585093
WC,2016-06-13,lithium_total,NA,DET,5.6,5.6,1.722766598
WC,2016-06-13,manganese_total,NA,DET,24.4,24.4,3.194583132
WC,2016-06-13,molybdenum_total,NA,DET,0.7,0.7,-0.356674944
WC,2016-06-13,nickel_total,NA,DET,1.2,1.2,0.182321557
WC,2016-06-13,rubidium_total,NA,DET,0.9,0.9,-0.105360516
WC,2016-06-13,selenium_total,0.5,BDL,0.5,0.25,-1.386294361
WC,2016-06-13,silver_total,0.1,BDL,0.1,0.05,-2.995732274
WC,2016-06-13,strontium_total,NA,DET,67.6,67.6,4.213607983
WC,2016-06-13,thallium_total,0.1,BDL,0.1,0.05,-2.995732274
WC,2016-06-13,titanium_total,NA,DET,8.1,8.1,2.091864062
WC,2016-06-13,uranium_total,NA,DET,0.3,0.3,-1.203972804
WC,2016-06-13,vanadium_total,NA,DET,1,1,0
WC,2016-06-13,zinc_total,5,BDL,5,2.5,0.916290732
WC,2016-10-14,total_hardness,NA,DET,1580,1580,7.365180126
WC,2016-10-14,ph,NA,DET,8.25,8.25,2.1102132
WC,2016-10-14,ammonia,NA,DET,0.018,0.018,-4.017383521
WC,2016-10-14,nitrogen_dissolved,NA,DET,0.46,0.46,-0.776528789
WC,2016-10-14,nitrogen_total,NA,DET,0.48,0.48,-0.733969175
WC,2016-10-14,organic_carbon_dissolved,NA,DET,15.4,15.4,2.734367509
WC,2016-10-14,phosphorus_dissolved,NA,DET,0.005,0.005,-5.298317367
WC,2016-10-14,phosphorus_total,NA,DET,0.012,0.012,-4.422848629
WC,2016-10-14,alkalinity_total,NA,DET,131,131,4.875197323
WC,2016-10-14,specific_conductance,NA,DET,296,296,5.690359454
WC,2016-10-14,total_dissolved_solids,NA,DET,181,181,5.198497031
WC,2016-10-14,total_suspended_solids,NA,DET,3,3,1.098612289
WC,2016-10-14,calcium,NA,DET,44.5,44.5,3.795489189
WC,2016-10-14,chloride,NA,DET,3.8,3.8,1.335001067
WC,2016-10-14,fluoride,0.1,BDL,0.1,0.05,-2.995732274
WC,2016-10-14,magnesium,NA,DET,10.1,10.1,2.312535424
WC,2016-10-14,nitrate,NA,DET,0.22,0.22,-1.514127733
WC,2016-10-14,nitrite,0.01,BDL,0.01,0.005,-5.298317367
WC,2016-10-14,potassium,NA,DET,0.7,0.7,-0.356674944
WC,2016-10-14,sodium,NA,DET,8.7,8.7,2.163323026
WC,2016-10-14,sulfate,NA,DET,28,28,3.33220451
WC,2016-10-14,aluminum_dissolved,NA,DET,7,7,1.945910149
WC,2016-10-14,antimony_dissolved,0.1,BDL,0.1,0.05,-2.995732274
WC,2016-10-14,arsenic_dissolved,NA,DET,0.5,0.5,-0.693147181
WC,2016-10-14,barium_dissolved,NA,DET,57.6,57.6,4.053522568
WC,2016-10-14,beryllium_dissolved,0.1,BDL,0.1,0.05,-2.995732274
WC,2016-10-14,cadmium_dissolved,0.05,BDL,0.05,0.025,-3.688879454
WC,2016-10-14,cesium_dissolved,0.1,BDL,0.1,0.05,-2.995732274
WC,2016-10-14,chromium_dissolved,0.1,BDL,0.1,0.05,-2.995732274
WC,2016-10-14,cobalt_dissolved,NA,DET,0.1,0.1,-2.302585093
WC,2016-10-14,copper_dissolved,NA,DET,0.2,0.2,-1.609437912
WC,2016-10-14,iron_dissolved,NA,DET,424,424,6.049733455
WC,2016-10-14,lead_dissolved,0.1,BDL,0.1,0.05,-2.995732274
WC,2016-10-14,lithium_dissolved,NA,DET,6.3,6.3,1.840549633
WC,2016-10-14,manganese_dissolved,NA,DET,29.8,29.8,3.394508394
WC,2016-10-14,molybdenum_dissolved,NA,DET,0.6,0.6,-0.510825624
WC,2016-10-14,nickel_dissolved,NA,DET,1,1,0
WC,2016-10-14,rubidium_dissolved,NA,DET,0.4,0.4,-0.916290732
WC,2016-10-14,selenium_dissolved,0.3,BDL,0.3,0.15,-1.897119985
WC,2016-10-14,silver_dissolved,0.1,BDL,0.1,0.05,-2.995732274
WC,2016-10-14,strontium_dissolved,NA,DET,90.3,90.3,4.50313746
WC,2016-10-14,thallium_dissolved,0.1,BDL,0.1,0.05,-2.995732274
WC,2016-10-14,titanium_dissolved,NA,DET,0.2,0.2,-1.609437912
WC,2016-10-14,uranium_dissolved,NA,DET,0.4,0.4,-0.916290732
WC,2016-10-14,vanadium_dissolved,NA,DET,0.1,0.1,-2.302585093
WC,2016-10-14,zinc_dissolved,NA,DET,0.5,0.5,-0.693147181
WC,2016-10-14,aluminum_total,NA,DET,34.3,34.3,3.535145354
WC,2016-10-14,antimony_total,0.1,BDL,0.1,0.05,-2.995732274
WC,2016-10-14,arsenic_total,NA,DET,0.4,0.4,-0.916290732
WC,2016-10-14,barium_total,NA,DET,58.8,58.8,4.074141855
WC,2016-10-14,beryllium_total,0.1,BDL,0.1,0.05,-2.995732274
WC,2016-10-14,cadmium_total,0.1,BDL,0.1,0.05,-2.995732274
WC,2016-10-14,cesium_total,0.1,BDL,0.1,0.05,-2.995732274
WC,2016-10-14,chromium_total,0.1,BDL,0.1,0.05,-2.995732274
WC,2016-10-14,cobalt_total,NA,DET,0.1,0.1,-2.302585093
WC,2016-10-14,copper_total,NA,DET,0.3,0.3,-1.203972804
WC,2016-10-14,iron_total,NA,DET,674,674,6.513230111
WC,2016-10-14,lead_total,0.1,BDL,0.1,0.05,-2.995732274
WC,2016-10-14,lithium_total,NA,DET,6.2,6.2,1.824549292
WC,2016-10-14,manganese_total,NA,DET,32.3,32.3,3.47506723
WC,2016-10-14,molybdenum_total,NA,DET,0.5,0.5,-0.693147181
WC,2016-10-14,nickel_total,NA,DET,1,1,0
WC,2016-10-14,rubidium_total,NA,DET,0.5,0.5,-0.693147181
WC,2016-10-14,selenium_total,0.5,BDL,0.5,0.25,-1.386294361
WC,2016-10-14,silver_total,NA,DET,0.1,0.1,-2.302585093
WC,2016-10-14,strontium_total,NA,DET,90.8,90.8,4.508659286
WC,2016-10-14,thallium_total,0.1,BDL,0.1,0.05,-2.995732274
WC,2016-10-14,titanium_total,NA,DET,1.1,1.1,0.09531018
WC,2016-10-14,uranium_total,NA,DET,0.4,0.4,-0.916290732
WC,2016-10-14,vanadium_total,NA,DET,0.2,0.2,-1.609437912
WC,2016-10-14,zinc_total,5,BDL,5,2.5,0.916290732